timestamp,status,question_id,phase,order_no,line_no,generator,success,question,drug_name,error,resolved_drug_name,routed_doc_type,routed_sections,hit_count,retrieval_seconds,generation_seconds,total_seconds,estimated_context_chars,estimated_context_tokens,estimated_prompt_chars,estimated_prompt_tokens,estimated_answer_chars,estimated_answer_tokens,command
2026-03-29T18:53:07,queued,82964f6a6b853957,non_ollama,1,17,none,,Các cảnh báo chính và chống chỉ định là gì?,ozempic,,,,,,,,,,,,,,,"python fs_rag_chatbot.py ""E:\\PharmAppDev\\database\\PMDA_v1_vi\\pmda_fs_index_vi"" ""C\u00e1c c\u1ea3nh b\u00e1o ch\u00ednh v\u00e0 ch\u1ed1ng ch\u1ec9 \u0111\u1ecbnh l\u00e0 g\u00ec?"" --drug-name ""ozempic"""
2026-03-29T18:53:07,queued,75a5d8282fef0412,non_ollama,2,26,none,,Các chống chỉ định là gì?,ozempic,,,,,,,,,,,,,,,"python fs_rag_chatbot.py ""E:\\PharmAppDev\\database\\PMDA_v1_vi\\pmda_fs_index_vi"" ""C\u00e1c ch\u1ed1ng ch\u1ec9 \u0111\u1ecbnh l\u00e0 g\u00ec?"" --drug-name ""ozempic"""
2026-03-29T18:53:07,queued,71d45d2a512eaa86,non_ollama,3,27,none,,Các chỉ định đã được phê duyệt và hướng dẫn liều dùng là gì?,ozempic,,,,,,,,,,,,,,,"python fs_rag_chatbot.py ""E:\\PharmAppDev\\database\\PMDA_v1_vi\\pmda_fs_index_vi"" ""C\u00e1c ch\u1ec9 \u0111\u1ecbnh \u0111\u00e3 \u0111\u01b0\u1ee3c ph\u00ea duy\u1ec7t v\u00e0 h\u01b0\u1edbng d\u1eabn li\u1ec1u d\u00f9ng l\u00e0 g\u00ec?"" --drug-name ""ozempic"""
2026-03-29T18:53:07,queued,d974a56e7b0b3efc,non_ollama,4,28,none,,Các thận trọng quan trọng trước khi dùng thuốc này là gì?,ozempic,,,,,,,,,,,,,,,"python fs_rag_chatbot.py ""E:\\PharmAppDev\\database\\PMDA_v1_vi\\pmda_fs_index_vi"" ""C\u00e1c th\u1eadn tr\u1ecdng quan tr\u1ecdng tr\u01b0\u1edbc khi d\u00f9ng thu\u1ed1c n\u00e0y l\u00e0 g\u00ec?"" --drug-name ""ozempic"""
2026-03-29T18:53:07,queued,78d058346bacb0b7,non_ollama,5,29,none,,"Trước khi dùng thuốc này, bệnh nhân cần lưu ý điều gì?",ozempic,,,,,,,,,,,,,,,"python fs_rag_chatbot.py ""E:\\PharmAppDev\\database\\PMDA_v1_vi\\pmda_fs_index_vi"" ""Tr\u01b0\u1edbc khi d\u00f9ng thu\u1ed1c n\u00e0y, b\u1ec7nh nh\u00e2n c\u1ea7n l\u01b0u \u00fd \u0111i\u1ec1u g\u00ec?"" --drug-name ""ozempic"""
2026-03-29T18:53:07,queued,2dc74f888bfc28f1,non_ollama,6,30,none,,Những đối tượng nào không nên dùng thuốc này?,ozempic,,,,,,,,,,,,,,,"python fs_rag_chatbot.py ""E:\\PharmAppDev\\database\\PMDA_v1_vi\\pmda_fs_index_vi"" ""Nh\u1eefng \u0111\u1ed1i t\u01b0\u1ee3ng n\u00e0o kh\u00f4ng n\u00ean d\u00f9ng thu\u1ed1c n\u00e0y?"" --drug-name ""ozempic"""
2026-03-29T18:53:07,queued,1227bfc492c19342,non_ollama,7,31,none,,Bệnh nhân nên tránh những gì khi đang dùng thuốc này?,ozempic,,,,,,,,,,,,,,,"python fs_rag_chatbot.py ""E:\\PharmAppDev\\database\\PMDA_v1_vi\\pmda_fs_index_vi"" ""B\u1ec7nh nh\u00e2n n\u00ean tr\u00e1nh nh\u1eefng g\u00ec khi \u0111ang d\u00f9ng thu\u1ed1c n\u00e0y?"" --drug-name ""ozempic"""
2026-03-29T18:53:07,queued,851dac189adced4e,non_ollama,8,32,none,,Các phản ứng có hại chính và biến cố bất lợi nghiêm trọng là gì?,ozempic,,,,,,,,,,,,,,,"python fs_rag_chatbot.py ""E:\\PharmAppDev\\database\\PMDA_v1_vi\\pmda_fs_index_vi"" ""C\u00e1c ph\u1ea3n \u1ee9ng c\u00f3 h\u1ea1i ch\u00ednh v\u00e0 bi\u1ebfn c\u1ed1 b\u1ea5t l\u1ee3i nghi\u00eam tr\u1ecdng l\u00e0 g\u00ec?"" --drug-name ""ozempic"""
2026-03-29T18:53:07,queued,8b3e8767bc2a00d0,non_ollama,9,33,none,,"Có thận trọng nào cho bệnh nhi, người cao tuổi, phụ nữ mang thai hoặc cho con bú không?",ozempic,,,,,,,,,,,,,,,"python fs_rag_chatbot.py ""E:\\PharmAppDev\\database\\PMDA_v1_vi\\pmda_fs_index_vi"" ""C\u00f3 th\u1eadn tr\u1ecdng n\u00e0o cho b\u1ec7nh nhi, ng\u01b0\u1eddi cao tu\u1ed5i, ph\u1ee5 n\u1eef mang thai ho\u1eb7c cho con b\u00fa kh\u00f4ng?"" --drug-name ""ozempic"""
2026-03-29T18:53:07,queued,2af2c52c62ac9b0d,non_ollama,10,34,none,,"Hiển thị các trang nói về cảnh báo, chống chỉ định và thận trọng.",ozempic,,,,,,,,,,,,,,,"python fs_rag_chatbot.py ""E:\\PharmAppDev\\database\\PMDA_v1_vi\\pmda_fs_index_vi"" ""Hi\u1ec3n th\u1ecb c\u00e1c trang n\u00f3i v\u1ec1 c\u1ea3nh b\u00e1o, ch\u1ed1ng ch\u1ec9 \u0111\u1ecbnh v\u00e0 th\u1eadn tr\u1ecdng."" --drug-name ""ozempic"" --json"
2026-03-29T18:53:07,queued,bd9b0a6a422d745d,non_ollama,11,44,none,,Hoạt chất và tá dược là gì?,ozempic,,,,,,,,,,,,,,,"python fs_rag_chatbot.py ""E:\\PharmAppDev\\database\\PMDA_v1_vi\\pmda_fs_index_vi"" ""Ho\u1ea1t ch\u1ea5t v\u00e0 t\u00e1 d\u01b0\u1ee3c l\u00e0 g\u00ec?"" --drug-name ""ozempic"""
2026-03-29T18:53:07,queued,76c90fc317ab3cee,non_ollama,12,45,none,,Liệt kê đầy đủ thành phần định tính của sản phẩm.,ozempic,,,,,,,,,,,,,,,"python fs_rag_chatbot.py ""E:\\PharmAppDev\\database\\PMDA_v1_vi\\pmda_fs_index_vi"" ""Li\u1ec7t k\u00ea \u0111\u1ea7y \u0111\u1ee7 th\u00e0nh ph\u1ea7n \u0111\u1ecbnh t\u00ednh c\u1ee7a s\u1ea3n ph\u1ea9m."" --drug-name ""ozempic"""
2026-03-29T18:53:07,queued,03fb66a8a8e8fbfc,non_ollama,13,46,none,,Thành phần định lượng trên mỗi đơn vị liều là gì?,ozempic,,,,,,,,,,,,,,,"python fs_rag_chatbot.py ""E:\\PharmAppDev\\database\\PMDA_v1_vi\\pmda_fs_index_vi"" ""Th\u00e0nh ph\u1ea7n \u0111\u1ecbnh l\u01b0\u1ee3ng tr\u00ean m\u1ed7i \u0111\u01a1n v\u1ecb li\u1ec1u l\u00e0 g\u00ec?"" --drug-name ""ozempic"""
2026-03-29T18:53:07,queued,b61dd4a9a0211e7d,non_ollama,14,47,none,,Có những dạng bào chế và hàm lượng nào?,ozempic,,,,,,,,,,,,,,,"python fs_rag_chatbot.py ""E:\\PharmAppDev\\database\\PMDA_v1_vi\\pmda_fs_index_vi"" ""C\u00f3 nh\u1eefng d\u1ea1ng b\u00e0o ch\u1ebf v\u00e0 h\u00e0m l\u01b0\u1ee3ng n\u00e0o?"" --drug-name ""ozempic"""
2026-03-29T18:53:07,queued,67897101778f175b,non_ollama,15,48,none,,Những tá dược nào có trong viên 50 mg và 100 mg?,ozempic,,,,,,,,,,,,,,,"python fs_rag_chatbot.py ""E:\\PharmAppDev\\database\\PMDA_v1_vi\\pmda_fs_index_vi"" ""Nh\u1eefng t\u00e1 d\u01b0\u1ee3c n\u00e0o c\u00f3 trong vi\u00ean 50 mg v\u00e0 100 mg?"" --drug-name ""ozempic"""
2026-03-29T18:53:07,queued,b2e91644bc39177a,non_ollama,16,49,none,,Tá dược có khác nhau giữa các hàm lượng của sản phẩm không?,ozempic,,,,,,,,,,,,,,,"python fs_rag_chatbot.py ""E:\\PharmAppDev\\database\\PMDA_v1_vi\\pmda_fs_index_vi"" ""T\u00e1 d\u01b0\u1ee3c c\u00f3 kh\u00e1c nhau gi\u1eefa c\u00e1c h\u00e0m l\u01b0\u1ee3ng c\u1ee7a s\u1ea3n ph\u1ea9m kh\u00f4ng?"" --drug-name ""ozempic"""
2026-03-29T18:53:07,queued,ebfb21e936dcb952,non_ollama,17,50,none,,Những thành phần công thức nào được liệt kê cho sản phẩm này?,ozempic,,,,,,,,,,,,,,,"python fs_rag_chatbot.py ""E:\\PharmAppDev\\database\\PMDA_v1_vi\\pmda_fs_index_vi"" ""Nh\u1eefng th\u00e0nh ph\u1ea7n c\u00f4ng th\u1ee9c n\u00e0o \u0111\u01b0\u1ee3c li\u1ec7t k\u00ea cho s\u1ea3n ph\u1ea9m n\u00e0y?"" --drug-name ""ozempic"""
2026-03-29T18:53:07,queued,9a4709e40c056642,non_ollama,18,51,none,,Tài liệu có phân biệt hoạt chất với tá dược không?,ozempic,,,,,,,,,,,,,,,"python fs_rag_chatbot.py ""E:\\PharmAppDev\\database\\PMDA_v1_vi\\pmda_fs_index_vi"" ""T\u00e0i li\u1ec7u c\u00f3 ph\u00e2n bi\u1ec7t ho\u1ea1t ch\u1ea5t v\u1edbi t\u00e1 d\u01b0\u1ee3c kh\u00f4ng?"" --drug-name ""ozempic"""
2026-03-29T18:53:07,queued,a88488ee09c95ebd,non_ollama,19,52,none,,Những tá dược/phụ gia dược dụng nào được nêu trong nhãn?,ozempic,,,,,,,,,,,,,,,"python fs_rag_chatbot.py ""E:\\PharmAppDev\\database\\PMDA_v1_vi\\pmda_fs_index_vi"" ""Nh\u1eefng t\u00e1 d\u01b0\u1ee3c/ph\u1ee5 gia d\u01b0\u1ee3c d\u1ee5ng n\u00e0o \u0111\u01b0\u1ee3c n\u00eau trong nh\u00e3n?"" --drug-name ""ozempic"""
2026-03-29T18:53:07,queued,10269fdb3592c888,non_ollama,20,53,none,,Hiển thị phần thành phần.,ozempic,,,,,,,,,,,,,,,"python fs_rag_chatbot.py ""E:\\PharmAppDev\\database\\PMDA_v1_vi\\pmda_fs_index_vi"" ""Hi\u1ec3n th\u1ecb ph\u1ea7n th\u00e0nh ph\u1ea7n."" --drug-name ""ozempic"" --json"
2026-03-29T18:53:07,queued,3b66e31c29b74db8,non_ollama,21,54,none,,Chỉ hiển thị thông tin về tá dược.,ozempic,,,,,,,,,,,,,,,"python fs_rag_chatbot.py ""E:\\PharmAppDev\\database\\PMDA_v1_vi\\pmda_fs_index_vi"" ""Ch\u1ec9 hi\u1ec3n th\u1ecb th\u00f4ng tin v\u1ec1 t\u00e1 d\u01b0\u1ee3c."" --drug-name ""ozempic"" --json"
2026-03-29T18:53:07,queued,3ef7a3f3fb47f68a,non_ollama,22,55,none,,Trích xuất danh sách tá dược và dạng bào chế.,ozempic,,,,,,,,,,,,,,,"python fs_rag_chatbot.py ""E:\\PharmAppDev\\database\\PMDA_v1_vi\\pmda_fs_index_vi"" ""Tr\u00edch xu\u1ea5t danh s\u00e1ch t\u00e1 d\u01b0\u1ee3c v\u00e0 d\u1ea1ng b\u00e0o ch\u1ebf."" --drug-name ""ozempic"""
2026-03-29T18:53:07,queued,ad3e6dae2170e79a,non_ollama,23,56,none,,Tóm tắt thành phần công thức và các đặc tính dược học/công nghệ của sản phẩm.,ozempic,,,,,,,,,,,,,,,"python fs_rag_chatbot.py ""E:\\PharmAppDev\\database\\PMDA_v1_vi\\pmda_fs_index_vi"" ""T\u00f3m t\u1eaft th\u00e0nh ph\u1ea7n c\u00f4ng th\u1ee9c v\u00e0 c\u00e1c \u0111\u1eb7c t\u00ednh d\u01b0\u1ee3c h\u1ecdc/c\u00f4ng ngh\u1ec7 c\u1ee7a s\u1ea3n ph\u1ea9m."" --drug-name ""ozempic"""
2026-03-29T18:53:07,queued,b45cff79db0d9d85,non_ollama,24,62,none,,Liệt kê tất cả tá dược trong công thức.,ozempic,,,,,,,,,,,,,,,"python fs_rag_chatbot.py ""E:\\PharmAppDev\\database\\PMDA_v1_vi\\pmda_fs_index_vi"" ""Li\u1ec7t k\u00ea t\u1ea5t c\u1ea3 t\u00e1 d\u01b0\u1ee3c trong c\u00f4ng th\u1ee9c."" --drug-name ""ozempic"""
2026-03-29T18:53:07,queued,11defbb0e2153f43,non_ollama,25,63,none,,Liệt kê tất cả thành phần không có hoạt tính.,ozempic,,,,,,,,,,,,,,,"python fs_rag_chatbot.py ""E:\\PharmAppDev\\database\\PMDA_v1_vi\\pmda_fs_index_vi"" ""Li\u1ec7t k\u00ea t\u1ea5t c\u1ea3 th\u00e0nh ph\u1ea7n kh\u00f4ng c\u00f3 ho\u1ea1t t\u00ednh."" --drug-name ""ozempic"""
2026-03-29T18:53:07,queued,cb3b9df5454a5675,non_ollama,26,64,none,,Những thành phần không có hoạt tính nào được liệt kê trong tài liệu này?,ozempic,,,,,,,,,,,,,,,"python fs_rag_chatbot.py ""E:\\PharmAppDev\\database\\PMDA_v1_vi\\pmda_fs_index_vi"" ""Nh\u1eefng th\u00e0nh ph\u1ea7n kh\u00f4ng c\u00f3 ho\u1ea1t t\u00ednh n\u00e0o \u0111\u01b0\u1ee3c li\u1ec7t k\u00ea trong t\u00e0i li\u1ec7u n\u00e0y?"" --drug-name ""ozempic"""
2026-03-29T18:53:07,queued,95f3ecc7375d134c,non_ollama,27,65,none,,"Những tá dược nào nhiều khả năng đóng vai trò độn, dính, rã hoặc bôi trơn?",ozempic,,,,,,,,,,,,,,,"python fs_rag_chatbot.py ""E:\\PharmAppDev\\database\\PMDA_v1_vi\\pmda_fs_index_vi"" ""Nh\u1eefng t\u00e1 d\u01b0\u1ee3c n\u00e0o nhi\u1ec1u kh\u1ea3 n\u0103ng \u0111\u00f3ng vai tr\u00f2 \u0111\u1ed9n, d\u00ednh, r\u00e3 ho\u1eb7c b\u00f4i tr\u01a1n?"" --drug-name ""ozempic"""
2026-03-29T18:53:07,queued,8fcd21e139036a1d,non_ollama,28,66,none,,"Những tá dược nào liên quan đến bao phim, tạo màu hoặc bảo quản?",ozempic,,,,,,,,,,,,,,,"python fs_rag_chatbot.py ""E:\\PharmAppDev\\database\\PMDA_v1_vi\\pmda_fs_index_vi"" ""Nh\u1eefng t\u00e1 d\u01b0\u1ee3c n\u00e0o li\u00ean quan \u0111\u1ebfn bao phim, t\u1ea1o m\u00e0u ho\u1eb7c b\u1ea3o qu\u1ea3n?"" --drug-name ""ozempic"""
2026-03-29T18:53:07,queued,7da7ea5d258b0218,non_ollama,29,67,none,,Những tá dược nào có thể ảnh hưởng đến độ ổn định hoặc khả năng sản xuất?,ozempic,,,,,,,,,,,,,,,"python fs_rag_chatbot.py ""E:\\PharmAppDev\\database\\PMDA_v1_vi\\pmda_fs_index_vi"" ""Nh\u1eefng t\u00e1 d\u01b0\u1ee3c n\u00e0o c\u00f3 th\u1ec3 \u1ea3nh h\u01b0\u1edfng \u0111\u1ebfn \u0111\u1ed9 \u1ed5n \u0111\u1ecbnh ho\u1eb7c kh\u1ea3 n\u0103ng s\u1ea3n xu\u1ea5t?"" --drug-name ""ozempic"""
2026-03-29T18:53:07,queued,25a793f3c58f923e,non_ollama,30,68,none,,"Những tá dược nào có thể ảnh hưởng đến độ tan, độ nhớt hoặc đặc tính giải phóng?",ozempic,,,,,,,,,,,,,,,"python fs_rag_chatbot.py ""E:\\PharmAppDev\\database\\PMDA_v1_vi\\pmda_fs_index_vi"" ""Nh\u1eefng t\u00e1 d\u01b0\u1ee3c n\u00e0o c\u00f3 th\u1ec3 \u1ea3nh h\u01b0\u1edfng \u0111\u1ebfn \u0111\u1ed9 tan, \u0111\u1ed9 nh\u1edbt ho\u1eb7c \u0111\u1eb7c t\u00ednh gi\u1ea3i ph\u00f3ng?"" --drug-name ""ozempic"""
2026-03-29T18:53:07,queued,4e4ffc4c7187772e,non_ollama,31,69,none,,Tóm tắt thành phần tá dược và vai trò công nghệ có khả năng của chúng trong công thức.,ozempic,,,,,,,,,,,,,,,"python fs_rag_chatbot.py ""E:\\PharmAppDev\\database\\PMDA_v1_vi\\pmda_fs_index_vi"" ""T\u00f3m t\u1eaft th\u00e0nh ph\u1ea7n t\u00e1 d\u01b0\u1ee3c v\u00e0 vai tr\u00f2 c\u00f4ng ngh\u1ec7 c\u00f3 kh\u1ea3 n\u0103ng c\u1ee7a ch\u00fang trong c\u00f4ng th\u1ee9c."" --drug-name ""ozempic"""
2026-03-29T18:53:07,queued,d13bc4136b022b14,non_ollama,32,75,none,,Có cảnh báo nào liên quan đến tá dược không?,ozempic,,,,,,,,,,,,,,,"python fs_rag_chatbot.py ""E:\\PharmAppDev\\database\\PMDA_v1_vi\\pmda_fs_index_vi"" ""C\u00f3 c\u1ea3nh b\u00e1o n\u00e0o li\u00ean quan \u0111\u1ebfn t\u00e1 d\u01b0\u1ee3c kh\u00f4ng?"" --drug-name ""ozempic"""
2026-03-29T18:53:07,queued,f79bff8a1a69cb27,non_ollama,33,76,none,,Có chống chỉ định hoặc thận trọng nào liên quan đến tá dược không?,ozempic,,,,,,,,,,,,,,,"python fs_rag_chatbot.py ""E:\\PharmAppDev\\database\\PMDA_v1_vi\\pmda_fs_index_vi"" ""C\u00f3 ch\u1ed1ng ch\u1ec9 \u0111\u1ecbnh ho\u1eb7c th\u1eadn tr\u1ecdng n\u00e0o li\u00ean quan \u0111\u1ebfn t\u00e1 d\u01b0\u1ee3c kh\u00f4ng?"" --drug-name ""ozempic"""
2026-03-29T18:53:07,queued,3ffd19e1f7a2d1c3,non_ollama,34,77,none,,Những tá dược nào có thể gây quá mẫn hoặc không dung nạp?,ozempic,,,,,,,,,,,,,,,"python fs_rag_chatbot.py ""E:\\PharmAppDev\\database\\PMDA_v1_vi\\pmda_fs_index_vi"" ""Nh\u1eefng t\u00e1 d\u01b0\u1ee3c n\u00e0o c\u00f3 th\u1ec3 g\u00e2y qu\u00e1 m\u1eabn ho\u1eb7c kh\u00f4ng dung n\u1ea1p?"" --drug-name ""ozempic"""
2026-03-29T18:53:07,queued,0f7115639ba4c86f,non_ollama,35,78,none,,"Có cảnh báo nào về chất bảo quản, chất màu, tá dược bao phim hoặc tá dược chứa cồn không?",ozempic,,,,,,,,,,,,,,,"python fs_rag_chatbot.py ""E:\\PharmAppDev\\database\\PMDA_v1_vi\\pmda_fs_index_vi"" ""C\u00f3 c\u1ea3nh b\u00e1o n\u00e0o v\u1ec1 ch\u1ea5t b\u1ea3o qu\u1ea3n, ch\u1ea5t m\u00e0u, t\u00e1 d\u01b0\u1ee3c bao phim ho\u1eb7c t\u00e1 d\u01b0\u1ee3c ch\u1ee9a c\u1ed3n kh\u00f4ng?"" --drug-name ""ozempic"""
2026-03-29T18:53:07,queued,e2b100a547499a5b,non_ollama,36,79,none,,"Có cảnh báo nào về đường, polyol hoặc hàm lượng natri trong công thức không?",ozempic,,,,,,,,,,,,,,,"python fs_rag_chatbot.py ""E:\\PharmAppDev\\database\\PMDA_v1_vi\\pmda_fs_index_vi"" ""C\u00f3 c\u1ea3nh b\u00e1o n\u00e0o v\u1ec1 \u0111\u01b0\u1eddng, polyol ho\u1eb7c h\u00e0m l\u01b0\u1ee3ng natri trong c\u00f4ng th\u1ee9c kh\u00f4ng?"" --drug-name ""ozempic"""
2026-03-29T18:53:07,queued,93bfab12a71e9667,non_ollama,37,80,none,,Sản phẩm có chứa tá dược cần thận trọng ở bệnh nhân nhạy cảm không?,ozempic,,,,,,,,,,,,,,,"python fs_rag_chatbot.py ""E:\\PharmAppDev\\database\\PMDA_v1_vi\\pmda_fs_index_vi"" ""S\u1ea3n ph\u1ea9m c\u00f3 ch\u1ee9a t\u00e1 d\u01b0\u1ee3c c\u1ea7n th\u1eadn tr\u1ecdng \u1edf b\u1ec7nh nh\u00e2n nh\u1ea1y c\u1ea3m kh\u00f4ng?"" --drug-name ""ozempic"""
2026-03-29T18:53:07,queued,bc105547b53904e4,non_ollama,38,86,none,,Có cảnh báo liên quan đến công thức cho bệnh nhi không?,ozempic,,,,,,,,,,,,,,,"python fs_rag_chatbot.py ""E:\\PharmAppDev\\database\\PMDA_v1_vi\\pmda_fs_index_vi"" ""C\u00f3 c\u1ea3nh b\u00e1o li\u00ean quan \u0111\u1ebfn c\u00f4ng th\u1ee9c cho b\u1ec7nh nhi kh\u00f4ng?"" --drug-name ""ozempic"""
2026-03-29T18:53:07,queued,cc47f031d07fa06f,non_ollama,39,87,none,,Có cảnh báo liên quan đến công thức cho người cao tuổi không?,ozempic,,,,,,,,,,,,,,,"python fs_rag_chatbot.py ""E:\\PharmAppDev\\database\\PMDA_v1_vi\\pmda_fs_index_vi"" ""C\u00f3 c\u1ea3nh b\u00e1o li\u00ean quan \u0111\u1ebfn c\u00f4ng th\u1ee9c cho ng\u01b0\u1eddi cao tu\u1ed5i kh\u00f4ng?"" --drug-name ""ozempic"""
2026-03-29T18:53:07,queued,88b1dd578ae51124,non_ollama,40,88,none,,Có cảnh báo nào về mang thai hoặc cho con bú liên quan đến công thức hay tá dược không?,ozempic,,,,,,,,,,,,,,,"python fs_rag_chatbot.py ""E:\\PharmAppDev\\database\\PMDA_v1_vi\\pmda_fs_index_vi"" ""C\u00f3 c\u1ea3nh b\u00e1o n\u00e0o v\u1ec1 mang thai ho\u1eb7c cho con b\u00fa li\u00ean quan \u0111\u1ebfn c\u00f4ng th\u1ee9c hay t\u00e1 d\u01b0\u1ee3c kh\u00f4ng?"" --drug-name ""ozempic"""
2026-03-29T18:53:07,queued,8ec3760387735a8e,non_ollama,41,89,none,,"Có lo ngại an toàn nào liên quan đến bệnh tuyến giáp, suy thận hoặc hấp thu toàn thân không?",ozempic,,,,,,,,,,,,,,,"python fs_rag_chatbot.py ""E:\\PharmAppDev\\database\\PMDA_v1_vi\\pmda_fs_index_vi"" ""C\u00f3 lo ng\u1ea1i an to\u00e0n n\u00e0o li\u00ean quan \u0111\u1ebfn b\u1ec7nh tuy\u1ebfn gi\u00e1p, suy th\u1eadn ho\u1eb7c h\u1ea5p thu to\u00e0n th\u00e2n kh\u00f4ng?"" --drug-name ""ozempic"""
2026-03-29T18:53:07,queued,e7b435882c82ba22,non_ollama,42,90,none,,"Việc dùng kéo dài, bôi trên diện rộng hoặc dùng trên niêm mạc có làm tăng nguy cơ an toàn liên quan đến công thức không?",ozempic,,,,,,,,,,,,,,,"python fs_rag_chatbot.py ""E:\\PharmAppDev\\database\\PMDA_v1_vi\\pmda_fs_index_vi"" ""Vi\u1ec7c d\u00f9ng k\u00e9o d\u00e0i, b\u00f4i tr\u00ean di\u1ec7n r\u1ed9ng ho\u1eb7c d\u00f9ng tr\u00ean ni\u00eam m\u1ea1c c\u00f3 l\u00e0m t\u0103ng nguy c\u01a1 an to\u00e0n li\u00ean quan \u0111\u1ebfn c\u00f4ng th\u1ee9c kh\u00f4ng?"" --drug-name ""ozempic"""
2026-03-29T18:53:07,queued,3767cb45ab0592e7,non_ollama,43,91,none,,Tóm tắt các thận trọng ở quần thể đặc biệt liên quan đến công thức và tá dược.,ozempic,,,,,,,,,,,,,,,"python fs_rag_chatbot.py ""E:\\PharmAppDev\\database\\PMDA_v1_vi\\pmda_fs_index_vi"" ""T\u00f3m t\u1eaft c\u00e1c th\u1eadn tr\u1ecdng \u1edf qu\u1ea7n th\u1ec3 \u0111\u1eb7c bi\u1ec7t li\u00ean quan \u0111\u1ebfn c\u00f4ng th\u1ee9c v\u00e0 t\u00e1 d\u01b0\u1ee3c."" --drug-name ""ozempic"""
2026-03-29T18:53:07,queued,c78b6758f4532f46,non_ollama,44,97,none,,Các điều kiện bảo quản và thận trọng về độ ổn định được mô tả là gì?,ozempic,,,,,,,,,,,,,,,"python fs_rag_chatbot.py ""E:\\PharmAppDev\\database\\PMDA_v1_vi\\pmda_fs_index_vi"" ""C\u00e1c \u0111i\u1ec1u ki\u1ec7n b\u1ea3o qu\u1ea3n v\u00e0 th\u1eadn tr\u1ecdng v\u1ec1 \u0111\u1ed9 \u1ed5n \u0111\u1ecbnh \u0111\u01b0\u1ee3c m\u00f4 t\u1ea3 l\u00e0 g\u00ec?"" --drug-name ""ozempic"""
2026-03-29T18:53:07,queued,52e42a2c3e71eb7c,non_ollama,45,98,none,,"Những thành phần công thức nào có thể nhạy cảm với ánh sáng, nhiệt, ẩm hoặc oxy hóa?",ozempic,,,,,,,,,,,,,,,"python fs_rag_chatbot.py ""E:\\PharmAppDev\\database\\PMDA_v1_vi\\pmda_fs_index_vi"" ""Nh\u1eefng th\u00e0nh ph\u1ea7n c\u00f4ng th\u1ee9c n\u00e0o c\u00f3 th\u1ec3 nh\u1ea1y c\u1ea3m v\u1edbi \u00e1nh s\u00e1ng, nhi\u1ec7t, \u1ea9m ho\u1eb7c oxy h\u00f3a?"" --drug-name ""ozempic"""
2026-03-29T18:53:07,queued,c7b714572f6556f9,non_ollama,46,99,none,,Có lưu ý nào về bao bì hoặc dụng cụ chứa liên quan đến độ ổn định không?,ozempic,,,,,,,,,,,,,,,"python fs_rag_chatbot.py ""E:\\PharmAppDev\\database\\PMDA_v1_vi\\pmda_fs_index_vi"" ""C\u00f3 l\u01b0u \u00fd n\u00e0o v\u1ec1 bao b\u00ec ho\u1eb7c d\u1ee5ng c\u1ee5 ch\u1ee9a li\u00ean quan \u0111\u1ebfn \u0111\u1ed9 \u1ed5n \u0111\u1ecbnh kh\u00f4ng?"" --drug-name ""ozempic"""
2026-03-29T18:53:07,queued,4b4e60b7db70d0d8,non_ollama,47,100,none,,Tóm tắt dữ liệu độ ổn định liên quan đến công thức và hướng dẫn bảo quản.,ozempic,,,,,,,,,,,,,,,"python fs_rag_chatbot.py ""E:\\PharmAppDev\\database\\PMDA_v1_vi\\pmda_fs_index_vi"" ""T\u00f3m t\u1eaft d\u1eef li\u1ec7u \u0111\u1ed9 \u1ed5n \u0111\u1ecbnh li\u00ean quan \u0111\u1ebfn c\u00f4ng th\u1ee9c v\u00e0 h\u01b0\u1edbng d\u1eabn b\u1ea3o qu\u1ea3n."" --drug-name ""ozempic"""
2026-03-29T18:53:07,queued,54ed498e6b93d98a,non_ollama,48,106,none,,Những chi tiết công thức nào quan trọng nhất cho phát triển thuốc generic?,ozempic,,,,,,,,,,,,,,,"python fs_rag_chatbot.py ""E:\\PharmAppDev\\database\\PMDA_v1_vi\\pmda_fs_index_vi"" ""Nh\u1eefng chi ti\u1ebft c\u00f4ng th\u1ee9c n\u00e0o quan tr\u1ecdng nh\u1ea5t cho ph\u00e1t tri\u1ec3n thu\u1ed1c generic?"" --drug-name ""ozempic"""
2026-03-29T18:53:07,queued,7234323ea7ab54e2,non_ollama,49,107,none,,Những tá dược hoặc đặc tính công thức nào có thể là thuộc tính chất lượng trọng yếu (CQA)?,ozempic,,,,,,,,,,,,,,,"python fs_rag_chatbot.py ""E:\\PharmAppDev\\database\\PMDA_v1_vi\\pmda_fs_index_vi"" ""Nh\u1eefng t\u00e1 d\u01b0\u1ee3c ho\u1eb7c \u0111\u1eb7c t\u00ednh c\u00f4ng th\u1ee9c n\u00e0o c\u00f3 th\u1ec3 l\u00e0 thu\u1ed9c t\u00ednh ch\u1ea5t l\u01b0\u1ee3ng tr\u1ecdng y\u1ebfu (CQA)?"" --drug-name ""ozempic"""
2026-03-29T18:53:07,queued,dfb991840a0d07ee,non_ollama,50,108,none,,Những cảnh báo nào liên quan đến công thức cần được xem xét trước khi cải tiến / reformulation?,ozempic,,,,,,,,,,,,,,,"python fs_rag_chatbot.py ""E:\\PharmAppDev\\database\\PMDA_v1_vi\\pmda_fs_index_vi"" ""Nh\u1eefng c\u1ea3nh b\u00e1o n\u00e0o li\u00ean quan \u0111\u1ebfn c\u00f4ng th\u1ee9c c\u1ea7n \u0111\u01b0\u1ee3c xem x\u00e9t tr\u01b0\u1edbc khi c\u1ea3i ti\u1ebfn / reformulation?"" --drug-name ""ozempic"""
2026-03-29T18:53:07,queued,71f74a0056db49b7,non_ollama,51,109,none,,Những tài liệu mẫu nào có chứa thông tin về tá dược?,ozempic,,,,,,,,,,,,,,,"python fs_rag_chatbot.py ""E:\\PharmAppDev\\database\\PMDA_v1_vi\\pmda_fs_index_vi"" ""Nh\u1eefng t\u00e0i li\u1ec7u m\u1eabu n\u00e0o c\u00f3 ch\u1ee9a th\u00f4ng tin v\u1ec1 t\u00e1 d\u01b0\u1ee3c?"" --drug-name ""ozempic"""
2026-03-29T18:53:07,queued,590254267d4fcd90,non_ollama,52,110,none,,Tài liệu nào phù hợp hơn để lấy chi tiết tá dược: nhãn thuốc hay hướng dẫn bệnh nhân?,ozempic,,,,,,,,,,,,,,,"python fs_rag_chatbot.py ""E:\\PharmAppDev\\database\\PMDA_v1_vi\\pmda_fs_index_vi"" ""T\u00e0i li\u1ec7u n\u00e0o ph\u00f9 h\u1ee3p h\u01a1n \u0111\u1ec3 l\u1ea5y chi ti\u1ebft t\u00e1 d\u01b0\u1ee3c: nh\u00e3n thu\u1ed1c hay h\u01b0\u1edbng d\u1eabn b\u1ec7nh nh\u00e2n?"" --drug-name ""ozempic"""
2026-03-29T18:53:07,queued,537c8f0d5af0d07e,non_ollama,53,111,none,,"Tóm tắt thành phần, tá dược, độ ổn định và các nguy cơ an toàn liên quan đến công thức.",ozempic,,,,,,,,,,,,,,,"python fs_rag_chatbot.py ""E:\\PharmAppDev\\database\\PMDA_v1_vi\\pmda_fs_index_vi"" ""T\u00f3m t\u1eaft th\u00e0nh ph\u1ea7n, t\u00e1 d\u01b0\u1ee3c, \u0111\u1ed9 \u1ed5n \u0111\u1ecbnh v\u00e0 c\u00e1c nguy c\u01a1 an to\u00e0n li\u00ean quan \u0111\u1ebfn c\u00f4ng th\u1ee9c."" --drug-name ""ozempic"""
2026-03-29T18:53:07,queued,f4993e7cffb458cf,non_ollama,54,121,none,,Tóm tắt dược động học của thuốc này.,ozempic,,,,,,,,,,,,,,,"python fs_rag_chatbot.py ""E:\\PharmAppDev\\database\\PMDA_v1_vi\\pmda_fs_index_vi"" ""T\u00f3m t\u1eaft d\u01b0\u1ee3c \u0111\u1ed9ng h\u1ecdc c\u1ee7a thu\u1ed1c n\u00e0y."" --drug-name ""ozempic"""
2026-03-29T18:53:07,queued,196407ee2160f02b,non_ollama,55,122,none,,"Các thông số dược động học chính như Cmax, Tmax, AUC và thời gian bán thải là gì?",ozempic,,,,,,,,,,,,,,,"python fs_rag_chatbot.py ""E:\\PharmAppDev\\database\\PMDA_v1_vi\\pmda_fs_index_vi"" ""C\u00e1c th\u00f4ng s\u1ed1 d\u01b0\u1ee3c \u0111\u1ed9ng h\u1ecdc ch\u00ednh nh\u01b0 Cmax, Tmax, AUC v\u00e0 th\u1eddi gian b\u00e1n th\u1ea3i l\u00e0 g\u00ec?"" --drug-name ""ozempic"""
2026-03-29T18:53:07,queued,34616cd6816257b7,non_ollama,56,123,none,,Mô tả diễn biến nồng độ thuốc trong huyết tương theo thời gian.,ozempic,,,,,,,,,,,,,,,"python fs_rag_chatbot.py ""E:\\PharmAppDev\\database\\PMDA_v1_vi\\pmda_fs_index_vi"" ""M\u00f4 t\u1ea3 di\u1ec5n bi\u1ebfn n\u1ed3ng \u0111\u1ed9 thu\u1ed1c trong huy\u1ebft t\u01b0\u01a1ng theo th\u1eddi gian."" --drug-name ""ozempic"""
2026-03-29T18:53:07,queued,3526b9d221f7a7d0,non_ollama,57,124,none,,Có những phân tích dược động học quần thể nào được báo cáo?,ozempic,,,,,,,,,,,,,,,"python fs_rag_chatbot.py ""E:\\PharmAppDev\\database\\PMDA_v1_vi\\pmda_fs_index_vi"" ""C\u00f3 nh\u1eefng ph\u00e2n t\u00edch d\u01b0\u1ee3c \u0111\u1ed9ng h\u1ecdc qu\u1ea7n th\u1ec3 n\u00e0o \u0111\u01b0\u1ee3c b\u00e1o c\u00e1o?"" --drug-name ""ozempic"""
2026-03-29T18:53:07,queued,14bcfce1a6d01e2c,non_ollama,58,125,none,,"Tóm tắt hấp thu, phân bố, chuyển hóa và thải trừ.",ozempic,,,,,,,,,,,,,,,"python fs_rag_chatbot.py ""E:\\PharmAppDev\\database\\PMDA_v1_vi\\pmda_fs_index_vi"" ""T\u00f3m t\u1eaft h\u1ea5p thu, ph\u00e2n b\u1ed1, chuy\u1ec3n h\u00f3a v\u00e0 th\u1ea3i tr\u1eeb."" --drug-name ""ozempic"""
2026-03-29T18:53:07,queued,39ab749fa5e8b172,non_ollama,59,126,none,,Đã biết gì về hấp thu đường uống và sinh khả dụng?,ozempic,,,,,,,,,,,,,,,"python fs_rag_chatbot.py ""E:\\PharmAppDev\\database\\PMDA_v1_vi\\pmda_fs_index_vi"" ""\u0110\u00e3 bi\u1ebft g\u00ec v\u1ec1 h\u1ea5p thu \u0111\u01b0\u1eddng u\u1ed1ng v\u00e0 sinh kh\u1ea3 d\u1ee5ng?"" --drug-name ""ozempic"""
2026-03-29T18:53:07,queued,269e06329c07b731,non_ollama,60,127,none,,Các con đường chuyển hóa và enzyme chính liên quan là gì?,ozempic,,,,,,,,,,,,,,,"python fs_rag_chatbot.py ""E:\\PharmAppDev\\database\\PMDA_v1_vi\\pmda_fs_index_vi"" ""C\u00e1c con \u0111\u01b0\u1eddng chuy\u1ec3n h\u00f3a v\u00e0 enzyme ch\u00ednh li\u00ean quan l\u00e0 g\u00ec?"" --drug-name ""ozempic"""
2026-03-29T18:53:07,queued,a9b9c64e85a6b86e,non_ollama,61,128,none,,Những chất vận chuyển nào được nhắc đến trong phần dược động học?,ozempic,,,,,,,,,,,,,,,"python fs_rag_chatbot.py ""E:\\PharmAppDev\\database\\PMDA_v1_vi\\pmda_fs_index_vi"" ""Nh\u1eefng ch\u1ea5t v\u1eadn chuy\u1ec3n n\u00e0o \u0111\u01b0\u1ee3c nh\u1eafc \u0111\u1ebfn trong ph\u1ea7n d\u01b0\u1ee3c \u0111\u1ed9ng h\u1ecdc?"" --drug-name ""ozempic"""
2026-03-29T18:53:07,queued,9729887c915dbcff,non_ollama,62,129,none,,Có dữ liệu dược động học ở bệnh nhân suy thận hoặc suy gan không?,ozempic,,,,,,,,,,,,,,,"python fs_rag_chatbot.py ""E:\\PharmAppDev\\database\\PMDA_v1_vi\\pmda_fs_index_vi"" ""C\u00f3 d\u1eef li\u1ec7u d\u01b0\u1ee3c \u0111\u1ed9ng h\u1ecdc \u1edf b\u1ec7nh nh\u00e2n suy th\u1eadn ho\u1eb7c suy gan kh\u00f4ng?"" --drug-name ""ozempic"""
2026-03-29T18:53:07,queued,2a46b37d142c64e8,non_ollama,63,130,none,,Tóm tắt dược động học ở các quần thể đặc biệt.,ozempic,,,,,,,,,,,,,,,"python fs_rag_chatbot.py ""E:\\PharmAppDev\\database\\PMDA_v1_vi\\pmda_fs_index_vi"" ""T\u00f3m t\u1eaft d\u01b0\u1ee3c \u0111\u1ed9ng h\u1ecdc \u1edf c\u00e1c qu\u1ea7n th\u1ec3 \u0111\u1eb7c bi\u1ec7t."" --drug-name ""ozempic"""
2026-03-29T18:53:07,queued,71278c57df95100b,non_ollama,64,136,none,,Các phát hiện PK chính là gì?,ozempic,,,,,,,,,,,,,,,"python fs_rag_chatbot.py ""E:\\PharmAppDev\\database\\PMDA_v1_vi\\pmda_fs_index_vi"" ""C\u00e1c ph\u00e1t hi\u1ec7n PK ch\u00ednh l\u00e0 g\u00ec?"" --drug-name ""ozempic"""
2026-03-29T18:53:07,queued,fbdfcd9c63887ec5,non_ollama,65,137,none,,Interview form nói gì về bảo quản và độ ổn định?,ozempic,,,,,,,,,,,,,,,"python fs_rag_chatbot.py ""E:\\PharmAppDev\\database\\PMDA_v1_vi\\pmda_fs_index_vi"" ""Interview form n\u00f3i g\u00ec v\u1ec1 b\u1ea3o qu\u1ea3n v\u00e0 \u0111\u1ed9 \u1ed5n \u0111\u1ecbnh?"" --drug-name ""ozempic"""
2026-03-29T18:53:07,queued,fdc33b0c6d5a913a,non_ollama,66,138,none,,Phần nào của interview form mô tả thành phần và công thức?,ozempic,,,,,,,,,,,,,,,"python fs_rag_chatbot.py ""E:\\PharmAppDev\\database\\PMDA_v1_vi\\pmda_fs_index_vi"" ""Ph\u1ea7n n\u00e0o c\u1ee7a interview form m\u00f4 t\u1ea3 th\u00e0nh ph\u1ea7n v\u00e0 c\u00f4ng th\u1ee9c?"" --drug-name ""ozempic"""
2026-03-29T18:53:07,queued,8773bd2349f0e346,non_ollama,67,139,none,,Hiển thị bằng chứng từ phần dược động học.,ozempic,,,,,,,,,,,,,,,"python fs_rag_chatbot.py ""E:\\PharmAppDev\\database\\PMDA_v1_vi\\pmda_fs_index_vi"" ""Hi\u1ec3n th\u1ecb b\u1eb1ng ch\u1ee9ng t\u1eeb ph\u1ea7n d\u01b0\u1ee3c \u0111\u1ed9ng h\u1ecdc."" --drug-name ""ozempic"" --json"
2026-03-29T18:53:07,queued,76ba659ee00bc76b,non_ollama,68,145,none,,Tóm tắt dữ liệu độ ổn định của hoạt chất.,ozempic,,,,,,,,,,,,,,,"python fs_rag_chatbot.py ""E:\\PharmAppDev\\database\\PMDA_v1_vi\\pmda_fs_index_vi"" ""T\u00f3m t\u1eaft d\u1eef li\u1ec7u \u0111\u1ed9 \u1ed5n \u0111\u1ecbnh c\u1ee7a ho\u1ea1t ch\u1ea5t."" --drug-name ""ozempic"""
2026-03-29T18:53:07,queued,b1648a1e47fe9c3f,non_ollama,69,146,none,,Tóm tắt dữ liệu độ ổn định của thành phẩm.,ozempic,,,,,,,,,,,,,,,"python fs_rag_chatbot.py ""E:\\PharmAppDev\\database\\PMDA_v1_vi\\pmda_fs_index_vi"" ""T\u00f3m t\u1eaft d\u1eef li\u1ec7u \u0111\u1ed9 \u1ed5n \u0111\u1ecbnh c\u1ee7a th\u00e0nh ph\u1ea9m."" --drug-name ""ozempic"""
2026-03-29T18:53:07,queued,806dbd71948285b2,non_ollama,70,147,none,,Có những kết quả độ ổn định nào được báo cáo trong điều kiện bảo quản dài hạn?,ozempic,,,,,,,,,,,,,,,"python fs_rag_chatbot.py ""E:\\PharmAppDev\\database\\PMDA_v1_vi\\pmda_fs_index_vi"" ""C\u00f3 nh\u1eefng k\u1ebft qu\u1ea3 \u0111\u1ed9 \u1ed5n \u0111\u1ecbnh n\u00e0o \u0111\u01b0\u1ee3c b\u00e1o c\u00e1o trong \u0111i\u1ec1u ki\u1ec7n b\u1ea3o qu\u1ea3n d\u00e0i h\u1ea1n?"" --drug-name ""ozempic"""
2026-03-29T18:53:07,queued,629791d50eb27df2,non_ollama,71,148,none,,Có những nghiên cứu độ ổn định tăng tốc nào được báo cáo?,ozempic,,,,,,,,,,,,,,,"python fs_rag_chatbot.py ""E:\\PharmAppDev\\database\\PMDA_v1_vi\\pmda_fs_index_vi"" ""C\u00f3 nh\u1eefng nghi\u00ean c\u1ee9u \u0111\u1ed9 \u1ed5n \u0111\u1ecbnh t\u0103ng t\u1ed1c n\u00e0o \u0111\u01b0\u1ee3c b\u00e1o c\u00e1o?"" --drug-name ""ozempic"""
2026-03-29T18:53:07,queued,5e4d7d0c8e6f252e,non_ollama,72,149,none,,"Những điều kiện stress nào đã được thử nghiệm, như nhiệt, độ ẩm và ánh sáng?",ozempic,,,,,,,,,,,,,,,"python fs_rag_chatbot.py ""E:\\PharmAppDev\\database\\PMDA_v1_vi\\pmda_fs_index_vi"" ""Nh\u1eefng \u0111i\u1ec1u ki\u1ec7n stress n\u00e0o \u0111\u00e3 \u0111\u01b0\u1ee3c th\u1eed nghi\u1ec7m, nh\u01b0 nhi\u1ec7t, \u0111\u1ed9 \u1ea9m v\u00e0 \u00e1nh s\u00e1ng?"" --drug-name ""ozempic"""
2026-03-29T18:53:07,queued,fd00a13493947a1d,non_ollama,73,150,none,,Có những thay đổi nào xảy ra khi phơi sáng hoặc trong thử nghiệm độ bền ánh sáng?,ozempic,,,,,,,,,,,,,,,"python fs_rag_chatbot.py ""E:\\PharmAppDev\\database\\PMDA_v1_vi\\pmda_fs_index_vi"" ""C\u00f3 nh\u1eefng thay \u0111\u1ed5i n\u00e0o x\u1ea3y ra khi ph\u01a1i s\u00e1ng ho\u1eb7c trong th\u1eed nghi\u1ec7m \u0111\u1ed9 b\u1ec1n \u00e1nh s\u00e1ng?"" --drug-name ""ozempic"""
2026-03-29T18:53:07,queued,95041be7d716c550,non_ollama,74,151,none,,Có nguy cơ phân hủy đáng chú ý hoặc thay đổi cảm quan nào không?,ozempic,,,,,,,,,,,,,,,"python fs_rag_chatbot.py ""E:\\PharmAppDev\\database\\PMDA_v1_vi\\pmda_fs_index_vi"" ""C\u00f3 nguy c\u01a1 ph\u00e2n h\u1ee7y \u0111\u00e1ng ch\u00fa \u00fd ho\u1eb7c thay \u0111\u1ed5i c\u1ea3m quan n\u00e0o kh\u00f4ng?"" --drug-name ""ozempic"""
2026-03-29T18:53:07,queued,6adf9d018b37b15d,non_ollama,75,152,none,,Điều kiện bảo quản và hạn dùng được khuyến cáo là gì?,ozempic,,,,,,,,,,,,,,,"python fs_rag_chatbot.py ""E:\\PharmAppDev\\database\\PMDA_v1_vi\\pmda_fs_index_vi"" ""\u0110i\u1ec1u ki\u1ec7n b\u1ea3o qu\u1ea3n v\u00e0 h\u1ea1n d\u00f9ng \u0111\u01b0\u1ee3c khuy\u1ebfn c\u00e1o l\u00e0 g\u00ec?"" --drug-name ""ozempic"""
2026-03-29T18:53:07,queued,c98c999be1b33fac,non_ollama,76,153,none,,Có dữ liệu về độ ổn định sau hoàn nguyên hoặc sau pha chế không?,ozempic,,,,,,,,,,,,,,,"python fs_rag_chatbot.py ""E:\\PharmAppDev\\database\\PMDA_v1_vi\\pmda_fs_index_vi"" ""C\u00f3 d\u1eef li\u1ec7u v\u1ec1 \u0111\u1ed9 \u1ed5n \u0111\u1ecbnh sau ho\u00e0n nguy\u00ean ho\u1eb7c sau pha ch\u1ebf kh\u00f4ng?"" --drug-name ""ozempic"""
2026-03-29T18:53:07,queued,198c6ac66741a876,non_ollama,77,154,none,,"Tóm tắt độ ổn định, bảo quản và các thận trọng liên quan đến bao bì.",ozempic,,,,,,,,,,,,,,,"python fs_rag_chatbot.py ""E:\\PharmAppDev\\database\\PMDA_v1_vi\\pmda_fs_index_vi"" ""T\u00f3m t\u1eaft \u0111\u1ed9 \u1ed5n \u0111\u1ecbnh, b\u1ea3o qu\u1ea3n v\u00e0 c\u00e1c th\u1eadn tr\u1ecdng li\u00ean quan \u0111\u1ebfn bao b\u00ec."" --drug-name ""ozempic"""
2026-03-29T18:53:07,queued,c5cd9b176ed4c327,non_ollama,78,160,none,,Tóm tắt Kế hoạch Quản lý Nguy cơ (RMP) của thuốc này.,ozempic,,,,,,,,,,,,,,,"python fs_rag_chatbot.py ""E:\\PharmAppDev\\database\\PMDA_v1_vi\\pmda_fs_index_vi"" ""T\u00f3m t\u1eaft K\u1ebf ho\u1ea1ch Qu\u1ea3n l\u00fd Nguy c\u01a1 (RMP) c\u1ee7a thu\u1ed1c n\u00e0y."" --drug-name ""ozempic"""
2026-03-29T18:53:07,queued,d25406a3be85f09c,non_ollama,79,161,none,,Những nguy cơ quan trọng đã được xác định trong RMP là gì?,ozempic,,,,,,,,,,,,,,,"python fs_rag_chatbot.py ""E:\\PharmAppDev\\database\\PMDA_v1_vi\\pmda_fs_index_vi"" ""Nh\u1eefng nguy c\u01a1 quan tr\u1ecdng \u0111\u00e3 \u0111\u01b0\u1ee3c x\u00e1c \u0111\u1ecbnh trong RMP l\u00e0 g\u00ec?"" --drug-name ""ozempic"""
2026-03-29T18:53:07,queued,6003afe2b2ce7812,non_ollama,80,162,none,,Những nguy cơ tiềm ẩn quan trọng trong RMP là gì?,ozempic,,,,,,,,,,,,,,,"python fs_rag_chatbot.py ""E:\\PharmAppDev\\database\\PMDA_v1_vi\\pmda_fs_index_vi"" ""Nh\u1eefng nguy c\u01a1 ti\u1ec1m \u1ea9n quan tr\u1ecdng trong RMP l\u00e0 g\u00ec?"" --drug-name ""ozempic"""
2026-03-29T18:53:07,queued,31c66dbdb2105a7a,non_ollama,81,163,none,,Những thông tin còn thiếu quan trọng nào được liệt kê trong RMP?,ozempic,,,,,,,,,,,,,,,"python fs_rag_chatbot.py ""E:\\PharmAppDev\\database\\PMDA_v1_vi\\pmda_fs_index_vi"" ""Nh\u1eefng th\u00f4ng tin c\u00f2n thi\u1ebfu quan tr\u1ecdng n\u00e0o \u0111\u01b0\u1ee3c li\u1ec7t k\u00ea trong RMP?"" --drug-name ""ozempic"""
2026-03-29T18:53:07,queued,14908d54b2787714,non_ollama,82,164,none,,Những hoạt động cảnh giác dược thường quy nào được mô tả trong RMP?,ozempic,,,,,,,,,,,,,,,"python fs_rag_chatbot.py ""E:\\PharmAppDev\\database\\PMDA_v1_vi\\pmda_fs_index_vi"" ""Nh\u1eefng ho\u1ea1t \u0111\u1ed9ng c\u1ea3nh gi\u00e1c d\u01b0\u1ee3c th\u01b0\u1eddng quy n\u00e0o \u0111\u01b0\u1ee3c m\u00f4 t\u1ea3 trong RMP?"" --drug-name ""ozempic"""
2026-03-29T18:53:07,queued,83350b909312f2b2,non_ollama,83,165,none,,Những hoạt động cảnh giác dược bổ sung nào được mô tả?,ozempic,,,,,,,,,,,,,,,"python fs_rag_chatbot.py ""E:\\PharmAppDev\\database\\PMDA_v1_vi\\pmda_fs_index_vi"" ""Nh\u1eefng ho\u1ea1t \u0111\u1ed9ng c\u1ea3nh gi\u00e1c d\u01b0\u1ee3c b\u1ed5 sung n\u00e0o \u0111\u01b0\u1ee3c m\u00f4 t\u1ea3?"" --drug-name ""ozempic"""
2026-03-29T18:53:07,queued,dbfd4ad22b7f1b6d,non_ollama,84,166,none,,Những hoạt động giảm thiểu nguy cơ thường quy nào được mô tả?,ozempic,,,,,,,,,,,,,,,"python fs_rag_chatbot.py ""E:\\PharmAppDev\\database\\PMDA_v1_vi\\pmda_fs_index_vi"" ""Nh\u1eefng ho\u1ea1t \u0111\u1ed9ng gi\u1ea3m thi\u1ec3u nguy c\u01a1 th\u01b0\u1eddng quy n\u00e0o \u0111\u01b0\u1ee3c m\u00f4 t\u1ea3?"" --drug-name ""ozempic"""
2026-03-29T18:53:07,queued,6448d6caa69ffc27,non_ollama,85,167,none,,Những tài liệu giảm thiểu nguy cơ bổ sung nào được lên kế hoạch cho bệnh nhân hoặc nhân viên y tế?,ozempic,,,,,,,,,,,,,,,"python fs_rag_chatbot.py ""E:\\PharmAppDev\\database\\PMDA_v1_vi\\pmda_fs_index_vi"" ""Nh\u1eefng t\u00e0i li\u1ec7u gi\u1ea3m thi\u1ec3u nguy c\u01a1 b\u1ed5 sung n\u00e0o \u0111\u01b0\u1ee3c l\u00ean k\u1ebf ho\u1ea1ch cho b\u1ec7nh nh\u00e2n ho\u1eb7c nh\u00e2n vi\u00ean y t\u1ebf?"" --drug-name ""ozempic"""
2026-03-29T18:53:07,queued,038ca3ad9827c40a,non_ollama,86,168,none,,Những vấn đề liên quan đến hiệu quả điều trị nào được đưa vào RMP?,ozempic,,,,,,,,,,,,,,,"python fs_rag_chatbot.py ""E:\\PharmAppDev\\database\\PMDA_v1_vi\\pmda_fs_index_vi"" ""Nh\u1eefng v\u1ea5n \u0111\u1ec1 li\u00ean quan \u0111\u1ebfn hi\u1ec7u qu\u1ea3 \u0111i\u1ec1u tr\u1ecb n\u00e0o \u0111\u01b0\u1ee3c \u0111\u01b0a v\u00e0o RMP?"" --drug-name ""ozempic"""
2026-03-29T18:53:07,queued,c7be490fba00a8c0,non_ollama,87,169,none,,Interview form hoặc RMP nói gì về các nguy cơ liên quan đến RMP?,ozempic,,,,,,,,,,,,,,,"python fs_rag_chatbot.py ""E:\\PharmAppDev\\database\\PMDA_v1_vi\\pmda_fs_index_vi"" ""Interview form ho\u1eb7c RMP n\u00f3i g\u00ec v\u1ec1 c\u00e1c nguy c\u01a1 li\u00ean quan \u0111\u1ebfn RMP?"" --drug-name ""ozempic"""
2026-03-29T18:53:07,queued,59bc562f7310099b,non_ollama,88,170,none,,Những nguy cơ quan trọng đã xác định và nguy cơ tiềm ẩn trong các tài liệu RMP là gì?,ozempic,,,,,,,,,,,,,,,"python fs_rag_chatbot.py ""E:\\PharmAppDev\\database\\PMDA_v1_vi\\pmda_fs_index_vi"" ""Nh\u1eefng nguy c\u01a1 quan tr\u1ecdng \u0111\u00e3 x\u00e1c \u0111\u1ecbnh v\u00e0 nguy c\u01a1 ti\u1ec1m \u1ea9n trong c\u00e1c t\u00e0i li\u1ec7u RMP l\u00e0 g\u00ec?"" --drug-name ""ozempic"""
2026-03-29T18:53:07,queued,b3fdfd525feab67e,non_ollama,89,171,none,,"Tóm tắt toàn bộ RMP bao gồm nguy cơ, theo dõi và các biện pháp giảm thiểu nguy cơ.",ozempic,,,,,,,,,,,,,,,"python fs_rag_chatbot.py ""E:\\PharmAppDev\\database\\PMDA_v1_vi\\pmda_fs_index_vi"" ""T\u00f3m t\u1eaft to\u00e0n b\u1ed9 RMP bao g\u1ed3m nguy c\u01a1, theo d\u00f5i v\u00e0 c\u00e1c bi\u1ec7n ph\u00e1p gi\u1ea3m thi\u1ec3u nguy c\u01a1."" --drug-name ""ozempic"""
2026-03-29T18:53:07,queued,6891da46f292bae3,non_ollama,90,179,none,,Những thay đổi nhãn an toàn gần đây nào có nhắc đến thuốc này?,ozempic,,,,,,,,,,,,,,,"python fs_rag_chatbot.py ""E:\\PharmAppDev\\database\\PMDA_v1_vi\\pmda_fs_index_vi"" ""Nh\u1eefng thay \u0111\u1ed5i nh\u00e3n an to\u00e0n g\u1ea7n \u0111\u00e2y n\u00e0o c\u00f3 nh\u1eafc \u0111\u1ebfn thu\u1ed1c n\u00e0y?"" --drug-name ""ozempic"""
2026-03-29T18:53:07,queued,0ce299297567478a,non_ollama,91,180,none,,Những cập nhật an toàn mới nào đã được ban hành cho thuốc này?,ozempic,,,,,,,,,,,,,,,"python fs_rag_chatbot.py ""E:\\PharmAppDev\\database\\PMDA_v1_vi\\pmda_fs_index_vi"" ""Nh\u1eefng c\u1eadp nh\u1eadt an to\u00e0n m\u1edbi n\u00e0o \u0111\u00e3 \u0111\u01b0\u1ee3c ban h\u00e0nh cho thu\u1ed1c n\u00e0y?"" --drug-name ""ozempic"""
2026-03-29T18:53:07,queued,c3ea919118592845,non_ollama,92,181,none,,"Có cảnh báo an toàn nào về viêm gan tối cấp, phản ứng da nặng hoặc viêm phổi kẽ không?",ozempic,,,,,,,,,,,,,,,"python fs_rag_chatbot.py ""E:\\PharmAppDev\\database\\PMDA_v1_vi\\pmda_fs_index_vi"" ""C\u00f3 c\u1ea3nh b\u00e1o an to\u00e0n n\u00e0o v\u1ec1 vi\u00eam gan t\u1ed1i c\u1ea5p, ph\u1ea3n \u1ee9ng da n\u1eb7ng ho\u1eb7c vi\u00eam ph\u1ed5i k\u1ebd kh\u00f4ng?"" --drug-name ""ozempic"""
2026-03-29T18:53:07,queued,82e193da015f26ee,non_ollama,93,182,none,,Có cảnh báo về phản ứng da nặng trong các thông báo an toàn gần đây không?,ozempic,,,,,,,,,,,,,,,"python fs_rag_chatbot.py ""E:\\PharmAppDev\\database\\PMDA_v1_vi\\pmda_fs_index_vi"" ""C\u00f3 c\u1ea3nh b\u00e1o v\u1ec1 ph\u1ea3n \u1ee9ng da n\u1eb7ng trong c\u00e1c th\u00f4ng b\u00e1o an to\u00e0n g\u1ea7n \u0111\u00e2y kh\u00f4ng?"" --drug-name ""ozempic"""
2026-03-29T18:53:07,queued,4cdc17bc53025117,non_ollama,94,183,none,,Những thông báo an toàn nào nhắc đến rối loạn chức năng gan hoặc viêm gan?,ozempic,,,,,,,,,,,,,,,"python fs_rag_chatbot.py ""E:\\PharmAppDev\\database\\PMDA_v1_vi\\pmda_fs_index_vi"" ""Nh\u1eefng th\u00f4ng b\u00e1o an to\u00e0n n\u00e0o nh\u1eafc \u0111\u1ebfn r\u1ed1i lo\u1ea1n ch\u1ee9c n\u0103ng gan ho\u1eb7c vi\u00eam gan?"" --drug-name ""ozempic"""
2026-03-29T18:53:07,queued,d83bee9652a8e8cc,non_ollama,95,184,none,,"Có cảnh báo nào liên quan đến mang thai, nguy cơ với thai nhi hoặc thiểu ối không?",ozempic,,,,,,,,,,,,,,,"python fs_rag_chatbot.py ""E:\\PharmAppDev\\database\\PMDA_v1_vi\\pmda_fs_index_vi"" ""C\u00f3 c\u1ea3nh b\u00e1o n\u00e0o li\u00ean quan \u0111\u1ebfn mang thai, nguy c\u01a1 v\u1edbi thai nhi ho\u1eb7c thi\u1ec3u \u1ed1i kh\u00f4ng?"" --drug-name ""ozempic"""
2026-03-29T18:53:07,queued,6b169d54e3031bb1,non_ollama,96,185,none,,Có cảnh báo nào về tái hoạt HBV hoặc nguy cơ miễn dịch không?,ozempic,,,,,,,,,,,,,,,"python fs_rag_chatbot.py ""E:\\PharmAppDev\\database\\PMDA_v1_vi\\pmda_fs_index_vi"" ""C\u00f3 c\u1ea3nh b\u00e1o n\u00e0o v\u1ec1 t\u00e1i ho\u1ea1t HBV ho\u1eb7c nguy c\u01a1 mi\u1ec5n d\u1ecbch kh\u00f4ng?"" --drug-name ""ozempic"""
2026-03-29T18:53:07,queued,5e039f1ec4939270,non_ollama,97,186,none,,Có cảnh báo nào liên quan đến chuyển hóa như nguy cơ ở người chuyển hóa cực nhanh CYP2D6 không?,ozempic,,,,,,,,,,,,,,,"python fs_rag_chatbot.py ""E:\\PharmAppDev\\database\\PMDA_v1_vi\\pmda_fs_index_vi"" ""C\u00f3 c\u1ea3nh b\u00e1o n\u00e0o li\u00ean quan \u0111\u1ebfn chuy\u1ec3n h\u00f3a nh\u01b0 nguy c\u01a1 \u1edf ng\u01b0\u1eddi chuy\u1ec3n h\u00f3a c\u1ef1c nhanh CYP2D6 kh\u00f4ng?"" --drug-name ""ozempic"""
2026-03-29T18:53:07,queued,c00c005befc0c635,non_ollama,98,200,none,,Có cảnh báo nào về rối loạn chức năng tuyến giáp hoặc hấp thu iod toàn thân không?,ozempic,,,,,,,,,,,,,,,"python fs_rag_chatbot.py ""E:\\PharmAppDev\\database\\PMDA_v1_vi\\pmda_fs_index_vi"" ""C\u00f3 c\u1ea3nh b\u00e1o n\u00e0o v\u1ec1 r\u1ed1i lo\u1ea1n ch\u1ee9c n\u0103ng tuy\u1ebfn gi\u00e1p ho\u1eb7c h\u1ea5p thu iod to\u00e0n th\u00e2n kh\u00f4ng?"" --drug-name ""ozempic"""
2026-03-29T18:53:07,queued,1a529a9554b79ca4,non_ollama,99,225,none,,Có thận trọng nào liên quan đến công thức cho phụ nữ mang thai hoặc cho con bú không?,ozempic,,,,,,,,,,,,,,,"python fs_rag_chatbot.py ""E:\\PharmAppDev\\database\\PMDA_v1_vi\\pmda_fs_index_vi"" ""C\u00f3 th\u1eadn tr\u1ecdng n\u00e0o li\u00ean quan \u0111\u1ebfn c\u00f4ng th\u1ee9c cho ph\u1ee5 n\u1eef mang thai ho\u1eb7c cho con b\u00fa kh\u00f4ng?"" --drug-name ""ozempic"""
2026-03-29T18:53:07,queued,ea8a54d0b6ff7145,non_ollama,100,226,none,,Có cảnh báo nào liên quan đến rối loạn tuyến giáp hoặc hấp thu toàn thân không?,ozempic,,,,,,,,,,,,,,,"python fs_rag_chatbot.py ""E:\\PharmAppDev\\database\\PMDA_v1_vi\\pmda_fs_index_vi"" ""C\u00f3 c\u1ea3nh b\u00e1o n\u00e0o li\u00ean quan \u0111\u1ebfn r\u1ed1i lo\u1ea1n tuy\u1ebfn gi\u00e1p ho\u1eb7c h\u1ea5p thu to\u00e0n th\u00e2n kh\u00f4ng?"" --drug-name ""ozempic"""
2026-03-29T18:53:07,queued,8bb8f58c841094df,non_ollama,101,251,none,,Hiển thị bằng chứng từ phần contraindications section.,ozempic,,,,,,,,,,,,,,,"python fs_rag_chatbot.py ""E:\\PharmAppDev\\database\\PMDA_v1_vi\\pmda_fs_index_vi"" ""Hi\u1ec3n th\u1ecb b\u1eb1ng ch\u1ee9ng t\u1eeb ph\u1ea7n contraindications section."" --drug-name ""ozempic"" --json"
2026-03-29T18:53:07,queued,a1728198d7ae0697,non_ollama,102,252,none,,Hiển thị bằng chứng từ phần warnings section.,ozempic,,,,,,,,,,,,,,,"python fs_rag_chatbot.py ""E:\\PharmAppDev\\database\\PMDA_v1_vi\\pmda_fs_index_vi"" ""Hi\u1ec3n th\u1ecb b\u1eb1ng ch\u1ee9ng t\u1eeb ph\u1ea7n warnings section."" --drug-name ""ozempic"" --json"
2026-03-29T18:53:07,queued,a0629e02fed508ce,non_ollama,103,254,none,,Trả lời kèm trích dẫn và hiển thị chính xác số trang tham chiếu.,ozempic,,,,,,,,,,,,,,,"python fs_rag_chatbot.py ""E:\\PharmAppDev\\database\\PMDA_v1_vi\\pmda_fs_index_vi"" ""Tr\u1ea3 l\u1eddi k\u00e8m tr\u00edch d\u1eabn v\u00e0 hi\u1ec3n th\u1ecb ch\u00ednh x\u00e1c s\u1ed1 trang tham chi\u1ebfu."" --drug-name ""ozempic"" --json"
2026-03-29T18:53:07,queued,10d8a9f6b33fbef8,non_ollama,104,255,none,,Hiển thị bằng chứng hỗ trợ và các file trang nguồn cho câu trả lời PK.,ozempic,,,,,,,,,,,,,,,"python fs_rag_chatbot.py ""E:\\PharmAppDev\\database\\PMDA_v1_vi\\pmda_fs_index_vi"" ""Hi\u1ec3n th\u1ecb b\u1eb1ng ch\u1ee9ng h\u1ed7 tr\u1ee3 v\u00e0 c\u00e1c file trang ngu\u1ed3n cho c\u00e2u tr\u1ea3 l\u1eddi PK."" --drug-name ""ozempic"" --json"
2026-03-29T18:53:07,queued,00b6b9222733a04b,non_ollama,105,256,none,,Những trang nào đã được dùng để trả lời câu hỏi về stability?,ozempic,,,,,,,,,,,,,,,"python fs_rag_chatbot.py ""E:\\PharmAppDev\\database\\PMDA_v1_vi\\pmda_fs_index_vi"" ""Nh\u1eefng trang n\u00e0o \u0111\u00e3 \u0111\u01b0\u1ee3c d\u00f9ng \u0111\u1ec3 tr\u1ea3 l\u1eddi c\u00e2u h\u1ecfi v\u1ec1 stability?"" --drug-name ""ozempic"" --json"
2026-03-29T18:53:07,queued,774e031fbf39c136,non_ollama,106,267,none,,Các cảnh báo chính và chống chỉ định của ozempic là gì?,ozempic,,,,,,,,,,,,,,,"python fs_rag_chatbot.py ""E:\\PharmAppDev\\database\\PMDA_v1_vi\\pmda_fs_index_vi"" ""C\u00e1c c\u1ea3nh b\u00e1o ch\u00ednh v\u00e0 ch\u1ed1ng ch\u1ec9 \u0111\u1ecbnh c\u1ee7a ozempic l\u00e0 g\u00ec?"" --drug-name ""ozempic"""
2026-03-29T18:53:07,queued,697cb4950f52fa47,non_ollama,107,269,none,,"Hãy tóm tắt hồ sơ dược động học chi tiết bao gồm hấp thu, chuyển hóa và thải trừ.",ozempic,,,,,,,,,,,,,,,"python fs_rag_chatbot.py ""E:\\PharmAppDev\\database\\PMDA_v1_vi\\pmda_fs_index_vi"" ""H\u00e3y t\u00f3m t\u1eaft h\u1ed3 s\u01a1 d\u01b0\u1ee3c \u0111\u1ed9ng h\u1ecdc chi ti\u1ebft bao g\u1ed3m h\u1ea5p thu, chuy\u1ec3n h\u00f3a v\u00e0 th\u1ea3i tr\u1eeb."" --drug-name ""ozempic"""
2026-03-29T18:53:07,queued,d489298f2681ceba,non_ollama,108,275,none,,Hoạt chất và tá dược là gì?,ozempic,,,,,,,,,,,,,,,"python fs_rag_chatbot.py ""E:\\PharmAppDev\\database\\PMDA_v1_vi\\pmda_fs_index_vi"" ""Ho\u1ea1t ch\u1ea5t v\u00e0 t\u00e1 d\u01b0\u1ee3c l\u00e0 g\u00ec?"" --drug-name ""ozempic"" --top-k 3"
2026-03-29T18:53:07,queued,ae7f324c03f794cd,non_ollama,109,276,none,,Hoạt chất và tá dược là gì?,ozempic,,,,,,,,,,,,,,,"python fs_rag_chatbot.py ""E:\\PharmAppDev\\database\\PMDA_v1_vi\\pmda_fs_index_vi"" ""Ho\u1ea1t ch\u1ea5t v\u00e0 t\u00e1 d\u01b0\u1ee3c l\u00e0 g\u00ec?"" --drug-name ""ozempic"" --top-k 8"
2026-03-29T18:53:07,queued,ca1164ccc7ecbb35,non_ollama,110,284,none,,Tóm tắt tất cả các nguy cơ chính.,ozempic,,,,,,,,,,,,,,,"python fs_rag_chatbot.py ""E:\\PharmAppDev\\database\\PMDA_v1_vi\\pmda_fs_index_vi"" ""T\u00f3m t\u1eaft t\u1ea5t c\u1ea3 c\u00e1c nguy c\u01a1 ch\u00ednh."" --drug-name ""ozempic"""
2026-03-29T18:53:07,queued,dd9144da629ae6fd,non_ollama,111,285,none,,So sánh các cảnh báo của alprazolam và abaloparatide.,ozempic,,,,,,,,,,,,,,,"python fs_rag_chatbot.py ""E:\\PharmAppDev\\database\\PMDA_v1_vi\\pmda_fs_index_vi"" ""So s\u00e1nh c\u00e1c c\u1ea3nh b\u00e1o c\u1ee7a alprazolam v\u00e0 abaloparatide."" --drug-name ""ozempic"""
2026-03-29T18:53:08,done,82964f6a6b853957,non_ollama,1,17,none,True,Các cảnh báo chính và chống chỉ định là gì?,ozempic,,ozempic,,"contraindication, indication, warning",6,0.0824,0.1254,0.2103,3072,880,3859,965,1301,325,"python fs_rag_chatbot.py ""E:\\PharmAppDev\\database\\PMDA_v1_vi\\pmda_fs_index_vi"" ""C\u00e1c c\u1ea3nh b\u00e1o ch\u00ednh v\u00e0 ch\u1ed1ng ch\u1ec9 \u0111\u1ecbnh l\u00e0 g\u00ec?"" --drug-name ""ozempic"""
2026-03-29T18:53:08,done,75a5d8282fef0412,non_ollama,2,26,none,True,Các chống chỉ định là gì?,ozempic,,ozempic,,"contraindication, indication",6,0.0792,0.0484,0.1287,3839,1074,4615,1154,1271,318,"python fs_rag_chatbot.py ""E:\\PharmAppDev\\database\\PMDA_v1_vi\\pmda_fs_index_vi"" ""C\u00e1c ch\u1ed1ng ch\u1ec9 \u0111\u1ecbnh l\u00e0 g\u00ec?"" --drug-name ""ozempic"""
2026-03-29T18:53:08,done,71d45d2a512eaa86,non_ollama,3,27,none,True,Các chỉ định đã được phê duyệt và hướng dẫn liều dùng là gì?,ozempic,,ozempic,,"dosage, indication",6,0.0767,0.0555,0.1329,3839,1071,4641,1160,1817,454,"python fs_rag_chatbot.py ""E:\\PharmAppDev\\database\\PMDA_v1_vi\\pmda_fs_index_vi"" ""C\u00e1c ch\u1ec9 \u0111\u1ecbnh \u0111\u00e3 \u0111\u01b0\u1ee3c ph\u00ea duy\u1ec7t v\u00e0 h\u01b0\u1edbng d\u1eabn li\u1ec1u d\u00f9ng l\u00e0 g\u00ec?"" --drug-name ""ozempic"""
2026-03-29T18:53:08,done,d974a56e7b0b3efc,non_ollama,4,28,none,True,Các thận trọng quan trọng trước khi dùng thuốc này là gì?,ozempic,,ozempic,,warning,6,0.0754,0.0818,0.1577,2085,629,2869,717,2719,680,"python fs_rag_chatbot.py ""E:\\PharmAppDev\\database\\PMDA_v1_vi\\pmda_fs_index_vi"" ""C\u00e1c th\u1eadn tr\u1ecdng quan tr\u1ecdng tr\u01b0\u1edbc khi d\u00f9ng thu\u1ed1c n\u00e0y l\u00e0 g\u00ec?"" --drug-name ""ozempic"""
2026-03-29T18:53:09,done,78d058346bacb0b7,non_ollama,5,29,none,True,"Trước khi dùng thuốc này, bệnh nhân cần lưu ý điều gì?",ozempic,,ozempic,,,6,0.083,0.0835,0.1674,278,178,1061,265,2073,518,"python fs_rag_chatbot.py ""E:\\PharmAppDev\\database\\PMDA_v1_vi\\pmda_fs_index_vi"" ""Tr\u01b0\u1edbc khi d\u00f9ng thu\u1ed1c n\u00e0y, b\u1ec7nh nh\u00e2n c\u1ea7n l\u01b0u \u00fd \u0111i\u1ec1u g\u00ec?"" --drug-name ""ozempic"""
2026-03-29T18:53:09,done,2dc74f888bfc28f1,non_ollama,6,30,none,True,Những đối tượng nào không nên dùng thuốc này?,ozempic,,ozempic,,,6,0.0902,0.0146,0.1052,278,178,1052,263,2064,516,"python fs_rag_chatbot.py ""E:\\PharmAppDev\\database\\PMDA_v1_vi\\pmda_fs_index_vi"" ""Nh\u1eefng \u0111\u1ed1i t\u01b0\u1ee3ng n\u00e0o kh\u00f4ng n\u00ean d\u00f9ng thu\u1ed1c n\u00e0y?"" --drug-name ""ozempic"""
2026-03-29T18:53:10,done,1227bfc492c19342,non_ollama,7,31,none,True,Bệnh nhân nên tránh những gì khi đang dùng thuốc này?,ozempic,,ozempic,,,6,0.079,0.0157,0.0951,278,178,1060,265,2072,518,"python fs_rag_chatbot.py ""E:\\PharmAppDev\\database\\PMDA_v1_vi\\pmda_fs_index_vi"" ""B\u1ec7nh nh\u00e2n n\u00ean tr\u00e1nh nh\u1eefng g\u00ec khi \u0111ang d\u00f9ng thu\u1ed1c n\u00e0y?"" --drug-name ""ozempic"""
2026-03-29T18:53:11,done,851dac189adced4e,non_ollama,8,32,none,True,Các phản ứng có hại chính và biến cố bất lợi nghiêm trọng là gì?,ozempic,,ozempic,,adverse_event,6,0.0822,0.1171,0.1999,1501,490,2322,580,1602,400,"python fs_rag_chatbot.py ""E:\\PharmAppDev\\database\\PMDA_v1_vi\\pmda_fs_index_vi"" ""C\u00e1c ph\u1ea3n \u1ee9ng c\u00f3 h\u1ea1i ch\u00ednh v\u00e0 bi\u1ebfn c\u1ed1 b\u1ea5t l\u1ee3i nghi\u00eam tr\u1ecdng l\u00e0 g\u00ec?"" --drug-name ""ozempic"""
2026-03-29T18:53:11,done,8b3e8767bc2a00d0,non_ollama,9,33,none,True,"Có thận trọng nào cho bệnh nhi, người cao tuổi, phụ nữ mang thai hoặc cho con bú không?",ozempic,,ozempic,,"warning, pregnancy",6,0.0819,0.0777,0.16,1684,531,2506,626,2560,640,"python fs_rag_chatbot.py ""E:\\PharmAppDev\\database\\PMDA_v1_vi\\pmda_fs_index_vi"" ""C\u00f3 th\u1eadn tr\u1ecdng n\u00e0o cho b\u1ec7nh nhi, ng\u01b0\u1eddi cao tu\u1ed5i, ph\u1ee5 n\u1eef mang thai ho\u1eb7c cho con b\u00fa kh\u00f4ng?"" --drug-name ""ozempic"""
2026-03-29T18:53:12,done,2af2c52c62ac9b0d,non_ollama,10,34,none,True,"Hiển thị các trang nói về cảnh báo, chống chỉ định và thận trọng.",ozempic,,ozempic,,"contraindication, indication, warning",6,0.1127,0.0345,0.1477,3072,880,3881,970,1324,331,"python fs_rag_chatbot.py ""E:\\PharmAppDev\\database\\PMDA_v1_vi\\pmda_fs_index_vi"" ""Hi\u1ec3n th\u1ecb c\u00e1c trang n\u00f3i v\u1ec1 c\u1ea3nh b\u00e1o, ch\u1ed1ng ch\u1ec9 \u0111\u1ecbnh v\u00e0 th\u1eadn tr\u1ecdng."" --drug-name ""ozempic"" --json"
2026-03-29T18:53:13,done,bd9b0a6a422d745d,non_ollama,11,44,none,True,Hoạt chất và tá dược là gì?,ozempic,,ozempic,,,6,0.2147,0.0467,0.2621,278,178,1034,258,2046,512,"python fs_rag_chatbot.py ""E:\\PharmAppDev\\database\\PMDA_v1_vi\\pmda_fs_index_vi"" ""Ho\u1ea1t ch\u1ea5t v\u00e0 t\u00e1 d\u01b0\u1ee3c l\u00e0 g\u00ec?"" --drug-name ""ozempic"""
2026-03-29T18:53:14,done,76c90fc317ab3cee,non_ollama,12,45,none,True,Liệt kê đầy đủ thành phần định tính của sản phẩm.,ozempic,,ozempic,,,6,0.2269,0.0358,0.2635,278,178,1056,264,2069,517,"python fs_rag_chatbot.py ""E:\\PharmAppDev\\database\\PMDA_v1_vi\\pmda_fs_index_vi"" ""Li\u1ec7t k\u00ea \u0111\u1ea7y \u0111\u1ee7 th\u00e0nh ph\u1ea7n \u0111\u1ecbnh t\u00ednh c\u1ee7a s\u1ea3n ph\u1ea9m."" --drug-name ""ozempic"""
2026-03-29T18:53:14,done,03fb66a8a8e8fbfc,non_ollama,13,46,none,True,Thành phần định lượng trên mỗi đơn vị liều là gì?,ozempic,,ozempic,,,6,0.2674,0.1422,0.4107,278,178,1056,264,2068,517,"python fs_rag_chatbot.py ""E:\\PharmAppDev\\database\\PMDA_v1_vi\\pmda_fs_index_vi"" ""Th\u00e0nh ph\u1ea7n \u0111\u1ecbnh l\u01b0\u1ee3ng tr\u00ean m\u1ed7i \u0111\u01a1n v\u1ecb li\u1ec1u l\u00e0 g\u00ec?"" --drug-name ""ozempic"""
2026-03-29T18:53:15,done,b61dd4a9a0211e7d,non_ollama,14,47,none,True,Có những dạng bào chế và hàm lượng nào?,ozempic,,ozempic,,,6,0.2319,0.0699,0.3026,278,178,1046,262,2058,514,"python fs_rag_chatbot.py ""E:\\PharmAppDev\\database\\PMDA_v1_vi\\pmda_fs_index_vi"" ""C\u00f3 nh\u1eefng d\u1ea1ng b\u00e0o ch\u1ebf v\u00e0 h\u00e0m l\u01b0\u1ee3ng n\u00e0o?"" --drug-name ""ozempic"""
2026-03-29T18:53:16,done,67897101778f175b,non_ollama,15,48,none,True,Những tá dược nào có trong viên 50 mg và 100 mg?,ozempic,,ozempic,,,6,0.1828,0.0468,0.2305,278,178,1055,264,2067,517,"python fs_rag_chatbot.py ""E:\\PharmAppDev\\database\\PMDA_v1_vi\\pmda_fs_index_vi"" ""Nh\u1eefng t\u00e1 d\u01b0\u1ee3c n\u00e0o c\u00f3 trong vi\u00ean 50 mg v\u00e0 100 mg?"" --drug-name ""ozempic"""
2026-03-29T18:53:16,done,a88488ee09c95ebd,non_ollama,19,52,none,True,Những tá dược/phụ gia dược dụng nào được nêu trong nhãn?,ozempic,,ozempic,,,6,0.167,0.0264,0.1945,278,178,1063,266,2075,519,"python fs_rag_chatbot.py ""E:\\PharmAppDev\\database\\PMDA_v1_vi\\pmda_fs_index_vi"" ""Nh\u1eefng t\u00e1 d\u01b0\u1ee3c/ph\u1ee5 gia d\u01b0\u1ee3c d\u1ee5ng n\u00e0o \u0111\u01b0\u1ee3c n\u00eau trong nh\u00e3n?"" --drug-name ""ozempic"""
2026-03-29T18:53:17,done,ebfb21e936dcb952,non_ollama,17,50,none,True,Những thành phần công thức nào được liệt kê cho sản phẩm này?,ozempic,,ozempic,,,6,0.1672,0.0401,0.2093,278,178,1068,267,2080,520,"python fs_rag_chatbot.py ""E:\\PharmAppDev\\database\\PMDA_v1_vi\\pmda_fs_index_vi"" ""Nh\u1eefng th\u00e0nh ph\u1ea7n c\u00f4ng th\u1ee9c n\u00e0o \u0111\u01b0\u1ee3c li\u1ec7t k\u00ea cho s\u1ea3n ph\u1ea9m n\u00e0y?"" --drug-name ""ozempic"""
2026-03-29T18:53:18,done,9a4709e40c056642,non_ollama,18,51,none,True,Tài liệu có phân biệt hoạt chất với tá dược không?,ozempic,,ozempic,,,6,0.1243,0.042,0.1671,278,178,1057,264,2069,517,"python fs_rag_chatbot.py ""E:\\PharmAppDev\\database\\PMDA_v1_vi\\pmda_fs_index_vi"" ""T\u00e0i li\u1ec7u c\u00f3 ph\u00e2n bi\u1ec7t ho\u1ea1t ch\u1ea5t v\u1edbi t\u00e1 d\u01b0\u1ee3c kh\u00f4ng?"" --drug-name ""ozempic"""
2026-03-29T18:53:18,done,b2e91644bc39177a,non_ollama,16,49,none,True,Tá dược có khác nhau giữa các hàm lượng của sản phẩm không?,ozempic,,ozempic,,,6,0.1147,0.0293,0.1448,278,178,1066,266,2078,520,"python fs_rag_chatbot.py ""E:\\PharmAppDev\\database\\PMDA_v1_vi\\pmda_fs_index_vi"" ""T\u00e1 d\u01b0\u1ee3c c\u00f3 kh\u00e1c nhau gi\u1eefa c\u00e1c h\u00e0m l\u01b0\u1ee3ng c\u1ee7a s\u1ea3n ph\u1ea9m kh\u00f4ng?"" --drug-name ""ozempic"""
2026-03-29T18:53:19,done,10269fdb3592c888,non_ollama,20,53,none,True,Hiển thị phần thành phần.,ozempic,,ozempic,,,6,0.1878,0.0673,0.2558,278,178,1032,258,2045,511,"python fs_rag_chatbot.py ""E:\\PharmAppDev\\database\\PMDA_v1_vi\\pmda_fs_index_vi"" ""Hi\u1ec3n th\u1ecb ph\u1ea7n th\u00e0nh ph\u1ea7n."" --drug-name ""ozempic"" --json"
2026-03-29T18:53:20,done,3b66e31c29b74db8,non_ollama,21,54,none,True,Chỉ hiển thị thông tin về tá dược.,ozempic,,ozempic,,,6,0.2408,0.075,0.3165,278,178,1041,260,2054,514,"python fs_rag_chatbot.py ""E:\\PharmAppDev\\database\\PMDA_v1_vi\\pmda_fs_index_vi"" ""Ch\u1ec9 hi\u1ec3n th\u1ecb th\u00f4ng tin v\u1ec1 t\u00e1 d\u01b0\u1ee3c."" --drug-name ""ozempic"" --json"
2026-03-29T18:53:20,done,3ef7a3f3fb47f68a,non_ollama,22,55,none,True,Trích xuất danh sách tá dược và dạng bào chế.,ozempic,,ozempic,,,6,0.2144,0.0354,0.2507,278,178,1052,263,2065,516,"python fs_rag_chatbot.py ""E:\\PharmAppDev\\database\\PMDA_v1_vi\\pmda_fs_index_vi"" ""Tr\u00edch xu\u1ea5t danh s\u00e1ch t\u00e1 d\u01b0\u1ee3c v\u00e0 d\u1ea1ng b\u00e0o ch\u1ebf."" --drug-name ""ozempic"""
2026-03-29T18:53:21,done,ad3e6dae2170e79a,non_ollama,23,56,none,True,Tóm tắt thành phần công thức và các đặc tính dược học/công nghệ của sản phẩm.,ozempic,,ozempic,,,6,0.1681,0.1574,0.3263,278,178,1084,271,2097,524,"python fs_rag_chatbot.py ""E:\\PharmAppDev\\database\\PMDA_v1_vi\\pmda_fs_index_vi"" ""T\u00f3m t\u1eaft th\u00e0nh ph\u1ea7n c\u00f4ng th\u1ee9c v\u00e0 c\u00e1c \u0111\u1eb7c t\u00ednh d\u01b0\u1ee3c h\u1ecdc/c\u00f4ng ngh\u1ec7 c\u1ee7a s\u1ea3n ph\u1ea9m."" --drug-name ""ozempic"""
2026-03-29T18:53:22,done,b45cff79db0d9d85,non_ollama,24,62,none,True,Liệt kê tất cả tá dược trong công thức.,ozempic,,ozempic,,,6,0.1761,0.0454,0.2226,278,178,1046,262,2059,515,"python fs_rag_chatbot.py ""E:\\PharmAppDev\\database\\PMDA_v1_vi\\pmda_fs_index_vi"" ""Li\u1ec7t k\u00ea t\u1ea5t c\u1ea3 t\u00e1 d\u01b0\u1ee3c trong c\u00f4ng th\u1ee9c."" --drug-name ""ozempic"""
2026-03-29T18:53:23,done,11defbb0e2153f43,non_ollama,25,63,none,True,Liệt kê tất cả thành phần không có hoạt tính.,ozempic,,ozempic,,,6,0.1325,0.0285,0.1618,278,178,1052,263,2065,516,"python fs_rag_chatbot.py ""E:\\PharmAppDev\\database\\PMDA_v1_vi\\pmda_fs_index_vi"" ""Li\u1ec7t k\u00ea t\u1ea5t c\u1ea3 th\u00e0nh ph\u1ea7n kh\u00f4ng c\u00f3 ho\u1ea1t t\u00ednh."" --drug-name ""ozempic"""
2026-03-29T18:53:23,done,cb3b9df5454a5675,non_ollama,26,64,none,True,Những thành phần không có hoạt tính nào được liệt kê trong tài liệu này?,ozempic,,ozempic,,,6,0.1413,0.0229,0.1651,278,178,1079,270,2091,523,"python fs_rag_chatbot.py ""E:\\PharmAppDev\\database\\PMDA_v1_vi\\pmda_fs_index_vi"" ""Nh\u1eefng th\u00e0nh ph\u1ea7n kh\u00f4ng c\u00f3 ho\u1ea1t t\u00ednh n\u00e0o \u0111\u01b0\u1ee3c li\u1ec7t k\u00ea trong t\u00e0i li\u1ec7u n\u00e0y?"" --drug-name ""ozempic"""
2026-03-29T18:53:24,done,95f3ecc7375d134c,non_ollama,27,65,none,True,"Những tá dược nào nhiều khả năng đóng vai trò độn, dính, rã hoặc bôi trơn?",ozempic,,ozempic,,,6,0.1736,0.0983,0.2729,278,178,1081,270,2093,523,"python fs_rag_chatbot.py ""E:\\PharmAppDev\\database\\PMDA_v1_vi\\pmda_fs_index_vi"" ""Nh\u1eefng t\u00e1 d\u01b0\u1ee3c n\u00e0o nhi\u1ec1u kh\u1ea3 n\u0103ng \u0111\u00f3ng vai tr\u00f2 \u0111\u1ed9n, d\u00ednh, r\u00e3 ho\u1eb7c b\u00f4i tr\u01a1n?"" --drug-name ""ozempic"""
2026-03-29T18:53:25,done,8fcd21e139036a1d,non_ollama,28,66,none,True,"Những tá dược nào liên quan đến bao phim, tạo màu hoặc bảo quản?",ozempic,,ozempic,,stability,6,0.137,0.2041,0.3421,3064,878,3873,968,1480,370,"python fs_rag_chatbot.py ""E:\\PharmAppDev\\database\\PMDA_v1_vi\\pmda_fs_index_vi"" ""Nh\u1eefng t\u00e1 d\u01b0\u1ee3c n\u00e0o li\u00ean quan \u0111\u1ebfn bao phim, t\u1ea1o m\u00e0u ho\u1eb7c b\u1ea3o qu\u1ea3n?"" --drug-name ""ozempic"""
2026-03-29T18:53:26,done,7da7ea5d258b0218,non_ollama,29,67,none,True,Những tá dược nào có thể ảnh hưởng đến độ ổn định hoặc khả năng sản xuất?,ozempic,,ozempic,,stability,6,0.1454,0.0239,0.1713,3064,878,3882,970,1489,372,"python fs_rag_chatbot.py ""E:\\PharmAppDev\\database\\PMDA_v1_vi\\pmda_fs_index_vi"" ""Nh\u1eefng t\u00e1 d\u01b0\u1ee3c n\u00e0o c\u00f3 th\u1ec3 \u1ea3nh h\u01b0\u1edfng \u0111\u1ebfn \u0111\u1ed9 \u1ed5n \u0111\u1ecbnh ho\u1eb7c kh\u1ea3 n\u0103ng s\u1ea3n xu\u1ea5t?"" --drug-name ""ozempic"""
2026-03-29T18:53:27,done,25a793f3c58f923e,non_ollama,30,68,none,True,"Những tá dược nào có thể ảnh hưởng đến độ tan, độ nhớt hoặc đặc tính giải phóng?",ozempic,,ozempic,,,6,0.1569,0.0551,0.2128,278,178,1087,272,2099,525,"python fs_rag_chatbot.py ""E:\\PharmAppDev\\database\\PMDA_v1_vi\\pmda_fs_index_vi"" ""Nh\u1eefng t\u00e1 d\u01b0\u1ee3c n\u00e0o c\u00f3 th\u1ec3 \u1ea3nh h\u01b0\u1edfng \u0111\u1ebfn \u0111\u1ed9 tan, \u0111\u1ed9 nh\u1edbt ho\u1eb7c \u0111\u1eb7c t\u00ednh gi\u1ea3i ph\u00f3ng?"" --drug-name ""ozempic"""
2026-03-29T18:53:28,done,4e4ffc4c7187772e,non_ollama,31,69,none,True,Tóm tắt thành phần tá dược và vai trò công nghệ có khả năng của chúng trong công thức.,ozempic,,ozempic,,,6,0.1182,0.0466,0.1659,278,178,1093,273,2106,526,"python fs_rag_chatbot.py ""E:\\PharmAppDev\\database\\PMDA_v1_vi\\pmda_fs_index_vi"" ""T\u00f3m t\u1eaft th\u00e0nh ph\u1ea7n t\u00e1 d\u01b0\u1ee3c v\u00e0 vai tr\u00f2 c\u00f4ng ngh\u1ec7 c\u00f3 kh\u1ea3 n\u0103ng c\u1ee7a ch\u00fang trong c\u00f4ng th\u1ee9c."" --drug-name ""ozempic"""
2026-03-29T18:53:28,done,d13bc4136b022b14,non_ollama,32,75,none,True,Có cảnh báo nào liên quan đến tá dược không?,ozempic,,ozempic,,warning,6,0.0936,0.0177,0.1121,2085,629,2856,714,2706,676,"python fs_rag_chatbot.py ""E:\\PharmAppDev\\database\\PMDA_v1_vi\\pmda_fs_index_vi"" ""C\u00f3 c\u1ea3nh b\u00e1o n\u00e0o li\u00ean quan \u0111\u1ebfn t\u00e1 d\u01b0\u1ee3c kh\u00f4ng?"" --drug-name ""ozempic"""
2026-03-29T18:53:29,done,f79bff8a1a69cb27,non_ollama,33,76,none,True,Có chống chỉ định hoặc thận trọng nào liên quan đến tá dược không?,ozempic,,ozempic,,"contraindication, indication, warning",6,0.1121,0.0253,0.138,3072,880,3882,970,1324,331,"python fs_rag_chatbot.py ""E:\\PharmAppDev\\database\\PMDA_v1_vi\\pmda_fs_index_vi"" ""C\u00f3 ch\u1ed1ng ch\u1ec9 \u0111\u1ecbnh ho\u1eb7c th\u1eadn tr\u1ecdng n\u00e0o li\u00ean quan \u0111\u1ebfn t\u00e1 d\u01b0\u1ee3c kh\u00f4ng?"" --drug-name ""ozempic"""
2026-03-29T18:53:30,done,3ffd19e1f7a2d1c3,non_ollama,34,77,none,True,Những tá dược nào có thể gây quá mẫn hoặc không dung nạp?,ozempic,,ozempic,,,6,0.1503,0.0795,0.2305,278,178,1064,266,2076,519,"python fs_rag_chatbot.py ""E:\\PharmAppDev\\database\\PMDA_v1_vi\\pmda_fs_index_vi"" ""Nh\u1eefng t\u00e1 d\u01b0\u1ee3c n\u00e0o c\u00f3 th\u1ec3 g\u00e2y qu\u00e1 m\u1eabn ho\u1eb7c kh\u00f4ng dung n\u1ea1p?"" --drug-name ""ozempic"""
2026-03-29T18:53:31,done,0f7115639ba4c86f,non_ollama,35,78,none,True,"Có cảnh báo nào về chất bảo quản, chất màu, tá dược bao phim hoặc tá dược chứa cồn không?",ozempic,,ozempic,,"warning, stability",6,0.0947,0.0346,0.1299,2085,629,2901,725,2762,690,"python fs_rag_chatbot.py ""E:\\PharmAppDev\\database\\PMDA_v1_vi\\pmda_fs_index_vi"" ""C\u00f3 c\u1ea3nh b\u00e1o n\u00e0o v\u1ec1 ch\u1ea5t b\u1ea3o qu\u1ea3n, ch\u1ea5t m\u00e0u, t\u00e1 d\u01b0\u1ee3c bao phim ho\u1eb7c t\u00e1 d\u01b0\u1ee3c ch\u1ee9a c\u1ed3n kh\u00f4ng?"" --drug-name ""ozempic"""
2026-03-29T18:53:32,done,e2b100a547499a5b,non_ollama,36,79,none,True,"Có cảnh báo nào về đường, polyol hoặc hàm lượng natri trong công thức không?",ozempic,,ozempic,,warning,6,0.0932,0.0196,0.1136,2085,629,2888,722,2738,684,"python fs_rag_chatbot.py ""E:\\PharmAppDev\\database\\PMDA_v1_vi\\pmda_fs_index_vi"" ""C\u00f3 c\u1ea3nh b\u00e1o n\u00e0o v\u1ec1 \u0111\u01b0\u1eddng, polyol ho\u1eb7c h\u00e0m l\u01b0\u1ee3ng natri trong c\u00f4ng th\u1ee9c kh\u00f4ng?"" --drug-name ""ozempic"""
2026-03-29T18:53:32,done,93bfab12a71e9667,non_ollama,37,80,none,True,Sản phẩm có chứa tá dược cần thận trọng ở bệnh nhân nhạy cảm không?,ozempic,,ozempic,,warning,6,0.0915,0.016,0.1082,2085,629,2879,720,2729,682,"python fs_rag_chatbot.py ""E:\\PharmAppDev\\database\\PMDA_v1_vi\\pmda_fs_index_vi"" ""S\u1ea3n ph\u1ea9m c\u00f3 ch\u1ee9a t\u00e1 d\u01b0\u1ee3c c\u1ea7n th\u1eadn tr\u1ecdng \u1edf b\u1ec7nh nh\u00e2n nh\u1ea1y c\u1ea3m kh\u00f4ng?"" --drug-name ""ozempic"""
2026-03-29T18:53:33,done,bc105547b53904e4,non_ollama,38,86,none,True,Có cảnh báo liên quan đến công thức cho bệnh nhi không?,ozempic,,ozempic,,warning,6,0.1138,0.0951,0.2097,2085,629,2867,717,2717,679,"python fs_rag_chatbot.py ""E:\\PharmAppDev\\database\\PMDA_v1_vi\\pmda_fs_index_vi"" ""C\u00f3 c\u1ea3nh b\u00e1o li\u00ean quan \u0111\u1ebfn c\u00f4ng th\u1ee9c cho b\u1ec7nh nhi kh\u00f4ng?"" --drug-name ""ozempic"""
2026-03-29T18:53:34,done,cc47f031d07fa06f,non_ollama,39,87,none,True,Có cảnh báo liên quan đến công thức cho người cao tuổi không?,ozempic,,ozempic,,warning,6,0.0845,0.0472,0.1325,2085,629,2873,718,2723,681,"python fs_rag_chatbot.py ""E:\\PharmAppDev\\database\\PMDA_v1_vi\\pmda_fs_index_vi"" ""C\u00f3 c\u1ea3nh b\u00e1o li\u00ean quan \u0111\u1ebfn c\u00f4ng th\u1ee9c cho ng\u01b0\u1eddi cao tu\u1ed5i kh\u00f4ng?"" --drug-name ""ozempic"""
2026-03-29T18:53:34,done,88b1dd578ae51124,non_ollama,40,88,none,True,Có cảnh báo nào về mang thai hoặc cho con bú liên quan đến công thức hay tá dược không?,ozempic,,ozempic,,"warning, pregnancy",6,0.1474,0.0523,0.2002,1684,531,2506,626,2560,640,"python fs_rag_chatbot.py ""E:\\PharmAppDev\\database\\PMDA_v1_vi\\pmda_fs_index_vi"" ""C\u00f3 c\u1ea3nh b\u00e1o n\u00e0o v\u1ec1 mang thai ho\u1eb7c cho con b\u00fa li\u00ean quan \u0111\u1ebfn c\u00f4ng th\u1ee9c hay t\u00e1 d\u01b0\u1ee3c kh\u00f4ng?"" --drug-name ""ozempic"""
2026-03-29T18:53:35,done,8ec3760387735a8e,non_ollama,41,89,none,True,"Có lo ngại an toàn nào liên quan đến bệnh tuyến giáp, suy thận hoặc hấp thu toàn thân không?",ozempic,,ozempic,,,6,0.1608,0.0213,0.1831,278,178,1099,275,2111,528,"python fs_rag_chatbot.py ""E:\\PharmAppDev\\database\\PMDA_v1_vi\\pmda_fs_index_vi"" ""C\u00f3 lo ng\u1ea1i an to\u00e0n n\u00e0o li\u00ean quan \u0111\u1ebfn b\u1ec7nh tuy\u1ebfn gi\u00e1p, suy th\u1eadn ho\u1eb7c h\u1ea5p thu to\u00e0n th\u00e2n kh\u00f4ng?"" --drug-name ""ozempic"""
2026-03-29T18:53:37,done,e7b435882c82ba22,non_ollama,42,90,none,True,"Việc dùng kéo dài, bôi trên diện rộng hoặc dùng trên niêm mạc có làm tăng nguy cơ an toàn liên quan đến công thức không?",ozempic,,ozempic,,,6,0.1862,0.0898,0.2771,278,178,1127,282,2139,535,"python fs_rag_chatbot.py ""E:\\PharmAppDev\\database\\PMDA_v1_vi\\pmda_fs_index_vi"" ""Vi\u1ec7c d\u00f9ng k\u00e9o d\u00e0i, b\u00f4i tr\u00ean di\u1ec7n r\u1ed9ng ho\u1eb7c d\u00f9ng tr\u00ean ni\u00eam m\u1ea1c c\u00f3 l\u00e0m t\u0103ng nguy c\u01a1 an to\u00e0n li\u00ean quan \u0111\u1ebfn c\u00f4ng th\u1ee9c kh\u00f4ng?"" --drug-name ""ozempic"""
2026-03-29T18:53:38,done,3767cb45ab0592e7,non_ollama,43,91,none,True,Tóm tắt các thận trọng ở quần thể đặc biệt liên quan đến công thức và tá dược.,ozempic,,ozempic,,warning,6,0.1025,0.0417,0.1447,2085,629,2890,722,2741,685,"python fs_rag_chatbot.py ""E:\\PharmAppDev\\database\\PMDA_v1_vi\\pmda_fs_index_vi"" ""T\u00f3m t\u1eaft c\u00e1c th\u1eadn tr\u1ecdng \u1edf qu\u1ea7n th\u1ec3 \u0111\u1eb7c bi\u1ec7t li\u00ean quan \u0111\u1ebfn c\u00f4ng th\u1ee9c v\u00e0 t\u00e1 d\u01b0\u1ee3c."" --drug-name ""ozempic"""
2026-03-29T18:53:39,done,c78b6758f4532f46,non_ollama,44,97,none,True,Các điều kiện bảo quản và thận trọng về độ ổn định được mô tả là gì?,ozempic,,ozempic,,"warning, stability",6,0.0911,0.0231,0.1148,2085,629,2880,720,2741,685,"python fs_rag_chatbot.py ""E:\\PharmAppDev\\database\\PMDA_v1_vi\\pmda_fs_index_vi"" ""C\u00e1c \u0111i\u1ec1u ki\u1ec7n b\u1ea3o qu\u1ea3n v\u00e0 th\u1eadn tr\u1ecdng v\u1ec1 \u0111\u1ed9 \u1ed5n \u0111\u1ecbnh \u0111\u01b0\u1ee3c m\u00f4 t\u1ea3 l\u00e0 g\u00ec?"" --drug-name ""ozempic"""
2026-03-29T18:53:40,done,52e42a2c3e71eb7c,non_ollama,45,98,none,True,"Những thành phần công thức nào có thể nhạy cảm với ánh sáng, nhiệt, ẩm hoặc oxy hóa?",ozempic,,ozempic,,,6,0.0884,0.0258,0.1149,278,178,1091,273,2103,526,"python fs_rag_chatbot.py ""E:\\PharmAppDev\\database\\PMDA_v1_vi\\pmda_fs_index_vi"" ""Nh\u1eefng th\u00e0nh ph\u1ea7n c\u00f4ng th\u1ee9c n\u00e0o c\u00f3 th\u1ec3 nh\u1ea1y c\u1ea3m v\u1edbi \u00e1nh s\u00e1ng, nhi\u1ec7t, \u1ea9m ho\u1eb7c oxy h\u00f3a?"" --drug-name ""ozempic"""
2026-03-29T18:53:41,done,c7b714572f6556f9,non_ollama,46,99,none,True,Có lưu ý nào về bao bì hoặc dụng cụ chứa liên quan đến độ ổn định không?,ozempic,,ozempic,,stability,6,0.1754,0.1102,0.287,3064,878,3881,970,1488,372,"python fs_rag_chatbot.py ""E:\\PharmAppDev\\database\\PMDA_v1_vi\\pmda_fs_index_vi"" ""C\u00f3 l\u01b0u \u00fd n\u00e0o v\u1ec1 bao b\u00ec ho\u1eb7c d\u1ee5ng c\u1ee5 ch\u1ee9a li\u00ean quan \u0111\u1ebfn \u0111\u1ed9 \u1ed5n \u0111\u1ecbnh kh\u00f4ng?"" --drug-name ""ozempic"""
2026-03-29T18:53:42,done,4b4e60b7db70d0d8,non_ollama,47,100,none,True,Tóm tắt dữ liệu độ ổn định liên quan đến công thức và hướng dẫn bảo quản.,ozempic,,ozempic,,stability,6,0.0879,0.0394,0.1279,3064,878,3882,970,1490,372,"python fs_rag_chatbot.py ""E:\\PharmAppDev\\database\\PMDA_v1_vi\\pmda_fs_index_vi"" ""T\u00f3m t\u1eaft d\u1eef li\u1ec7u \u0111\u1ed9 \u1ed5n \u0111\u1ecbnh li\u00ean quan \u0111\u1ebfn c\u00f4ng th\u1ee9c v\u00e0 h\u01b0\u1edbng d\u1eabn b\u1ea3o qu\u1ea3n."" --drug-name ""ozempic"""
2026-03-29T18:53:43,done,54ed498e6b93d98a,non_ollama,48,106,none,True,Những chi tiết công thức nào quan trọng nhất cho phát triển thuốc generic?,ozempic,,ozempic,,,6,0.102,0.0387,0.1413,278,178,1081,270,2093,523,"python fs_rag_chatbot.py ""E:\\PharmAppDev\\database\\PMDA_v1_vi\\pmda_fs_index_vi"" ""Nh\u1eefng chi ti\u1ebft c\u00f4ng th\u1ee9c n\u00e0o quan tr\u1ecdng nh\u1ea5t cho ph\u00e1t tri\u1ec3n thu\u1ed1c generic?"" --drug-name ""ozempic"""
2026-03-29T18:53:44,done,7234323ea7ab54e2,non_ollama,49,107,none,True,Những tá dược hoặc đặc tính công thức nào có thể là thuộc tính chất lượng trọng yếu (CQA)?,ozempic,,ozempic,,,6,0.0873,0.0132,0.1009,278,178,1097,274,2109,527,"python fs_rag_chatbot.py ""E:\\PharmAppDev\\database\\PMDA_v1_vi\\pmda_fs_index_vi"" ""Nh\u1eefng t\u00e1 d\u01b0\u1ee3c ho\u1eb7c \u0111\u1eb7c t\u00ednh c\u00f4ng th\u1ee9c n\u00e0o c\u00f3 th\u1ec3 l\u00e0 thu\u1ed9c t\u00ednh ch\u1ea5t l\u01b0\u1ee3ng tr\u1ecdng y\u1ebfu (CQA)?"" --drug-name ""ozempic"""
2026-03-29T18:53:45,done,dfb991840a0d07ee,non_ollama,50,108,none,True,Những cảnh báo nào liên quan đến công thức cần được xem xét trước khi cải tiến / reformulation?,ozempic,,ozempic,,warning,6,0.1199,0.0651,0.2014,2085,629,2907,727,2720,680,"python fs_rag_chatbot.py ""E:\\PharmAppDev\\database\\PMDA_v1_vi\\pmda_fs_index_vi"" ""Nh\u1eefng c\u1ea3nh b\u00e1o n\u00e0o li\u00ean quan \u0111\u1ebfn c\u00f4ng th\u1ee9c c\u1ea7n \u0111\u01b0\u1ee3c xem x\u00e9t tr\u01b0\u1edbc khi c\u1ea3i ti\u1ebfn / reformulation?"" --drug-name ""ozempic"""
2026-03-29T18:53:46,done,71f74a0056db49b7,non_ollama,51,109,none,True,Những tài liệu mẫu nào có chứa thông tin về tá dược?,ozempic,,ozempic,,,6,0.0872,0.0431,0.131,278,178,1059,265,2071,518,"python fs_rag_chatbot.py ""E:\\PharmAppDev\\database\\PMDA_v1_vi\\pmda_fs_index_vi"" ""Nh\u1eefng t\u00e0i li\u1ec7u m\u1eabu n\u00e0o c\u00f3 ch\u1ee9a th\u00f4ng tin v\u1ec1 t\u00e1 d\u01b0\u1ee3c?"" --drug-name ""ozempic"""
2026-03-29T18:53:47,done,590254267d4fcd90,non_ollama,52,110,none,True,Tài liệu nào phù hợp hơn để lấy chi tiết tá dược: nhãn thuốc hay hướng dẫn bệnh nhân?,ozempic,,ozempic,,,6,0.1075,0.0516,0.1597,278,178,1092,273,2104,526,"python fs_rag_chatbot.py ""E:\\PharmAppDev\\database\\PMDA_v1_vi\\pmda_fs_index_vi"" ""T\u00e0i li\u1ec7u n\u00e0o ph\u00f9 h\u1ee3p h\u01a1n \u0111\u1ec3 l\u1ea5y chi ti\u1ebft t\u00e1 d\u01b0\u1ee3c: nh\u00e3n thu\u1ed1c hay h\u01b0\u1edbng d\u1eabn b\u1ec7nh nh\u00e2n?"" --drug-name ""ozempic"""
2026-03-29T18:53:49,done,537c8f0d5af0d07e,non_ollama,53,111,none,True,"Tóm tắt thành phần, tá dược, độ ổn định và các nguy cơ an toàn liên quan đến công thức.",ozempic,,ozempic,,stability,6,0.1061,0.0188,0.126,3064,878,3896,974,1504,376,"python fs_rag_chatbot.py ""E:\\PharmAppDev\\database\\PMDA_v1_vi\\pmda_fs_index_vi"" ""T\u00f3m t\u1eaft th\u00e0nh ph\u1ea7n, t\u00e1 d\u01b0\u1ee3c, \u0111\u1ed9 \u1ed5n \u0111\u1ecbnh v\u00e0 c\u00e1c nguy c\u01a1 an to\u00e0n li\u00ean quan \u0111\u1ebfn c\u00f4ng th\u1ee9c."" --drug-name ""ozempic"""
2026-03-29T18:53:50,done,f4993e7cffb458cf,non_ollama,54,121,none,True,Tóm tắt dược động học của thuốc này.,ozempic,,ozempic,,pk,6,0.1342,0.1773,0.3122,3099,879,3849,962,1726,432,"python fs_rag_chatbot.py ""E:\\PharmAppDev\\database\\PMDA_v1_vi\\pmda_fs_index_vi"" ""T\u00f3m t\u1eaft d\u01b0\u1ee3c \u0111\u1ed9ng h\u1ecdc c\u1ee7a thu\u1ed1c n\u00e0y."" --drug-name ""ozempic"""
2026-03-29T18:53:51,done,196407ee2160f02b,non_ollama,55,122,none,True,"Các thông số dược động học chính như Cmax, Tmax, AUC và thời gian bán thải là gì?",ozempic,,ozempic,,pk,6,0.0885,0.1285,0.2177,3106,880,3897,974,1645,411,"python fs_rag_chatbot.py ""E:\\PharmAppDev\\database\\PMDA_v1_vi\\pmda_fs_index_vi"" ""C\u00e1c th\u00f4ng s\u1ed1 d\u01b0\u1ee3c \u0111\u1ed9ng h\u1ecdc ch\u00ednh nh\u01b0 Cmax, Tmax, AUC v\u00e0 th\u1eddi gian b\u00e1n th\u1ea3i l\u00e0 g\u00ec?"" --drug-name ""ozempic"""
2026-03-29T18:53:52,done,39ab749fa5e8b172,non_ollama,59,126,none,True,Đã biết gì về hấp thu đường uống và sinh khả dụng?,ozempic,,ozempic,,,6,0.0938,0.0264,0.1211,278,178,1057,264,2069,517,"python fs_rag_chatbot.py ""E:\\PharmAppDev\\database\\PMDA_v1_vi\\pmda_fs_index_vi"" ""\u0110\u00e3 bi\u1ebft g\u00ec v\u1ec1 h\u1ea5p thu \u0111\u01b0\u1eddng u\u1ed1ng v\u00e0 sinh kh\u1ea3 d\u1ee5ng?"" --drug-name ""ozempic"""
2026-03-29T18:53:54,done,3526b9d221f7a7d0,non_ollama,57,124,none,True,Có những phân tích dược động học quần thể nào được báo cáo?,ozempic,,ozempic,,pk,6,0.1617,0.1209,0.2832,3099,879,3872,968,1748,437,"python fs_rag_chatbot.py ""E:\\PharmAppDev\\database\\PMDA_v1_vi\\pmda_fs_index_vi"" ""C\u00f3 nh\u1eefng ph\u00e2n t\u00edch d\u01b0\u1ee3c \u0111\u1ed9ng h\u1ecdc qu\u1ea7n th\u1ec3 n\u00e0o \u0111\u01b0\u1ee3c b\u00e1o c\u00e1o?"" --drug-name ""ozempic"""
2026-03-29T18:53:55,done,14bcfce1a6d01e2c,non_ollama,58,125,none,True,"Tóm tắt hấp thu, phân bố, chuyển hóa và thải trừ.",ozempic,,ozempic,,,6,0.0777,0.0315,0.1097,278,178,1056,264,2069,517,"python fs_rag_chatbot.py ""E:\\PharmAppDev\\database\\PMDA_v1_vi\\pmda_fs_index_vi"" ""T\u00f3m t\u1eaft h\u1ea5p thu, ph\u00e2n b\u1ed1, chuy\u1ec3n h\u00f3a v\u00e0 th\u1ea3i tr\u1eeb."" --drug-name ""ozempic"""
2026-03-29T18:53:57,done,34616cd6816257b7,non_ollama,56,123,none,True,Mô tả diễn biến nồng độ thuốc trong huyết tương theo thời gian.,ozempic,,ozempic,,,6,0.0839,0.037,0.1215,278,178,1070,268,2083,521,"python fs_rag_chatbot.py ""E:\\PharmAppDev\\database\\PMDA_v1_vi\\pmda_fs_index_vi"" ""M\u00f4 t\u1ea3 di\u1ec5n bi\u1ebfn n\u1ed3ng \u0111\u1ed9 thu\u1ed1c trong huy\u1ebft t\u01b0\u01a1ng theo th\u1eddi gian."" --drug-name ""ozempic"""
2026-03-29T18:53:58,done,269e06329c07b731,non_ollama,60,127,none,True,Các con đường chuyển hóa và enzyme chính liên quan là gì?,ozempic,,ozempic,,,6,0.082,0.0118,0.0943,278,178,1064,266,2076,519,"python fs_rag_chatbot.py ""E:\\PharmAppDev\\database\\PMDA_v1_vi\\pmda_fs_index_vi"" ""C\u00e1c con \u0111\u01b0\u1eddng chuy\u1ec3n h\u00f3a v\u00e0 enzyme ch\u00ednh li\u00ean quan l\u00e0 g\u00ec?"" --drug-name ""ozempic"""
2026-03-29T18:54:00,done,a9b9c64e85a6b86e,non_ollama,61,128,none,True,Những chất vận chuyển nào được nhắc đến trong phần dược động học?,ozempic,,ozempic,,pk,6,0.114,0.1353,0.2497,3099,879,3878,970,1754,438,"python fs_rag_chatbot.py ""E:\\PharmAppDev\\database\\PMDA_v1_vi\\pmda_fs_index_vi"" ""Nh\u1eefng ch\u1ea5t v\u1eadn chuy\u1ec3n n\u00e0o \u0111\u01b0\u1ee3c nh\u1eafc \u0111\u1ebfn trong ph\u1ea7n d\u01b0\u1ee3c \u0111\u1ed9ng h\u1ecdc?"" --drug-name ""ozempic"""
2026-03-29T18:54:02,done,9729887c915dbcff,non_ollama,62,129,none,True,Có dữ liệu dược động học ở bệnh nhân suy thận hoặc suy gan không?,ozempic,,ozempic,,pk,6,0.09,0.0199,0.1106,3099,879,3878,970,1754,438,"python fs_rag_chatbot.py ""E:\\PharmAppDev\\database\\PMDA_v1_vi\\pmda_fs_index_vi"" ""C\u00f3 d\u1eef li\u1ec7u d\u01b0\u1ee3c \u0111\u1ed9ng h\u1ecdc \u1edf b\u1ec7nh nh\u00e2n suy th\u1eadn ho\u1eb7c suy gan kh\u00f4ng?"" --drug-name ""ozempic"""
2026-03-29T18:54:04,done,2a46b37d142c64e8,non_ollama,63,130,none,True,Tóm tắt dược động học ở các quần thể đặc biệt.,ozempic,,ozempic,,pk,6,0.0801,0.0504,0.1309,3099,879,3859,965,1736,434,"python fs_rag_chatbot.py ""E:\\PharmAppDev\\database\\PMDA_v1_vi\\pmda_fs_index_vi"" ""T\u00f3m t\u1eaft d\u01b0\u1ee3c \u0111\u1ed9ng h\u1ecdc \u1edf c\u00e1c qu\u1ea7n th\u1ec3 \u0111\u1eb7c bi\u1ec7t."" --drug-name ""ozempic"""
2026-03-29T18:54:06,done,71278c57df95100b,non_ollama,64,136,none,True,Các phát hiện PK chính là gì?,ozempic,,ozempic,interview_form,pk,6,0.0942,0.0401,0.135,4251,1168,4998,1250,1541,385,"python fs_rag_chatbot.py ""E:\\PharmAppDev\\database\\PMDA_v1_vi\\pmda_fs_index_vi"" ""C\u00e1c ph\u00e1t hi\u1ec7n PK ch\u00ednh l\u00e0 g\u00ec?"" --drug-name ""ozempic"""
2026-03-29T18:54:07,done,fbdfcd9c63887ec5,non_ollama,65,137,none,True,Interview form nói gì về bảo quản và độ ổn định?,ozempic,,ozempic,interview_form,stability,6,0.0865,0.2147,0.3021,3963,1105,4763,1191,1788,447,"python fs_rag_chatbot.py ""E:\\PharmAppDev\\database\\PMDA_v1_vi\\pmda_fs_index_vi"" ""Interview form n\u00f3i g\u00ec v\u1ec1 b\u1ea3o qu\u1ea3n v\u00e0 \u0111\u1ed9 \u1ed5n \u0111\u1ecbnh?"" --drug-name ""ozempic"""
2026-03-29T18:54:08,done,fdc33b0c6d5a913a,non_ollama,66,138,none,True,Phần nào của interview form mô tả thành phần và công thức?,ozempic,,ozempic,interview_form,,6,0.0981,0.0458,0.1446,2826,820,3635,909,2016,504,"python fs_rag_chatbot.py ""E:\\PharmAppDev\\database\\PMDA_v1_vi\\pmda_fs_index_vi"" ""Ph\u1ea7n n\u00e0o c\u1ee7a interview form m\u00f4 t\u1ea3 th\u00e0nh ph\u1ea7n v\u00e0 c\u00f4ng th\u1ee9c?"" --drug-name ""ozempic"""
2026-03-29T18:54:10,done,8773bd2349f0e346,non_ollama,67,139,none,True,Hiển thị bằng chứng từ phần dược động học.,ozempic,,ozempic,,pk,6,0.0905,0.0615,0.1525,3099,879,3855,964,1732,433,"python fs_rag_chatbot.py ""E:\\PharmAppDev\\database\\PMDA_v1_vi\\pmda_fs_index_vi"" ""Hi\u1ec3n th\u1ecb b\u1eb1ng ch\u1ee9ng t\u1eeb ph\u1ea7n d\u01b0\u1ee3c \u0111\u1ed9ng h\u1ecdc."" --drug-name ""ozempic"" --json"
2026-03-29T18:54:11,done,76ba659ee00bc76b,non_ollama,68,145,none,True,Tóm tắt dữ liệu độ ổn định của hoạt chất.,ozempic,,ozempic,,stability,6,0.1008,0.0174,0.1187,3064,878,3850,962,1458,364,"python fs_rag_chatbot.py ""E:\\PharmAppDev\\database\\PMDA_v1_vi\\pmda_fs_index_vi"" ""T\u00f3m t\u1eaft d\u1eef li\u1ec7u \u0111\u1ed9 \u1ed5n \u0111\u1ecbnh c\u1ee7a ho\u1ea1t ch\u1ea5t."" --drug-name ""ozempic"""
2026-03-29T18:54:13,done,b1648a1e47fe9c3f,non_ollama,69,146,none,True,Tóm tắt dữ liệu độ ổn định của thành phẩm.,ozempic,,ozempic,,stability,6,0.1274,0.1603,0.2889,3064,878,3851,963,1459,365,"python fs_rag_chatbot.py ""E:\\PharmAppDev\\database\\PMDA_v1_vi\\pmda_fs_index_vi"" ""T\u00f3m t\u1eaft d\u1eef li\u1ec7u \u0111\u1ed9 \u1ed5n \u0111\u1ecbnh c\u1ee7a th\u00e0nh ph\u1ea9m."" --drug-name ""ozempic"""
2026-03-29T18:54:15,done,806dbd71948285b2,non_ollama,70,147,none,True,Có những kết quả độ ổn định nào được báo cáo trong điều kiện bảo quản dài hạn?,ozempic,,ozempic,,stability,6,0.0917,0.0178,0.1102,3064,878,3887,972,1494,374,"python fs_rag_chatbot.py ""E:\\PharmAppDev\\database\\PMDA_v1_vi\\pmda_fs_index_vi"" ""C\u00f3 nh\u1eefng k\u1ebft qu\u1ea3 \u0111\u1ed9 \u1ed5n \u0111\u1ecbnh n\u00e0o \u0111\u01b0\u1ee3c b\u00e1o c\u00e1o trong \u0111i\u1ec1u ki\u1ec7n b\u1ea3o qu\u1ea3n d\u00e0i h\u1ea1n?"" --drug-name ""ozempic"""
2026-03-29T18:54:16,done,629791d50eb27df2,non_ollama,71,148,none,True,Có những nghiên cứu độ ổn định tăng tốc nào được báo cáo?,ozempic,,ozempic,,stability,6,0.0923,0.0463,0.1391,3064,878,3866,966,1473,368,"python fs_rag_chatbot.py ""E:\\PharmAppDev\\database\\PMDA_v1_vi\\pmda_fs_index_vi"" ""C\u00f3 nh\u1eefng nghi\u00ean c\u1ee9u \u0111\u1ed9 \u1ed5n \u0111\u1ecbnh t\u0103ng t\u1ed1c n\u00e0o \u0111\u01b0\u1ee3c b\u00e1o c\u00e1o?"" --drug-name ""ozempic"""
2026-03-29T18:54:18,done,5e4d7d0c8e6f252e,non_ollama,72,149,none,True,"Những điều kiện stress nào đã được thử nghiệm, như nhiệt, độ ẩm và ánh sáng?",ozempic,,ozempic,,,6,0.0868,0.0137,0.1011,278,178,1083,271,2095,524,"python fs_rag_chatbot.py ""E:\\PharmAppDev\\database\\PMDA_v1_vi\\pmda_fs_index_vi"" ""Nh\u1eefng \u0111i\u1ec1u ki\u1ec7n stress n\u00e0o \u0111\u00e3 \u0111\u01b0\u1ee3c th\u1eed nghi\u1ec7m, nh\u01b0 nhi\u1ec7t, \u0111\u1ed9 \u1ea9m v\u00e0 \u00e1nh s\u00e1ng?"" --drug-name ""ozempic"""
2026-03-29T18:54:19,done,fd00a13493947a1d,non_ollama,73,150,none,True,Có những thay đổi nào xảy ra khi phơi sáng hoặc trong thử nghiệm độ bền ánh sáng?,ozempic,,ozempic,,,6,0.0992,0.2229,0.3227,278,178,1088,272,2100,525,"python fs_rag_chatbot.py ""E:\\PharmAppDev\\database\\PMDA_v1_vi\\pmda_fs_index_vi"" ""C\u00f3 nh\u1eefng thay \u0111\u1ed5i n\u00e0o x\u1ea3y ra khi ph\u01a1i s\u00e1ng ho\u1eb7c trong th\u1eed nghi\u1ec7m \u0111\u1ed9 b\u1ec1n \u00e1nh s\u00e1ng?"" --drug-name ""ozempic"""
2026-03-29T18:54:21,done,95041be7d716c550,non_ollama,74,151,none,True,Có nguy cơ phân hủy đáng chú ý hoặc thay đổi cảm quan nào không?,ozempic,,ozempic,,,6,0.0929,0.0176,0.1113,278,178,1071,268,2083,521,"python fs_rag_chatbot.py ""E:\\PharmAppDev\\database\\PMDA_v1_vi\\pmda_fs_index_vi"" ""C\u00f3 nguy c\u01a1 ph\u00e2n h\u1ee7y \u0111\u00e1ng ch\u00fa \u00fd ho\u1eb7c thay \u0111\u1ed5i c\u1ea3m quan n\u00e0o kh\u00f4ng?"" --drug-name ""ozempic"""
2026-03-29T18:54:22,done,6adf9d018b37b15d,non_ollama,75,152,none,True,Điều kiện bảo quản và hạn dùng được khuyến cáo là gì?,ozempic,,ozempic,,stability,6,0.0907,0.0387,0.1302,3064,878,3862,966,1469,367,"python fs_rag_chatbot.py ""E:\\PharmAppDev\\database\\PMDA_v1_vi\\pmda_fs_index_vi"" ""\u0110i\u1ec1u ki\u1ec7n b\u1ea3o qu\u1ea3n v\u00e0 h\u1ea1n d\u00f9ng \u0111\u01b0\u1ee3c khuy\u1ebfn c\u00e1o l\u00e0 g\u00ec?"" --drug-name ""ozempic"""
2026-03-29T18:54:24,done,c98c999be1b33fac,non_ollama,76,153,none,True,Có dữ liệu về độ ổn định sau hoàn nguyên hoặc sau pha chế không?,ozempic,,ozempic,,stability,6,0.0817,0.0184,0.1007,3064,878,3873,968,1480,370,"python fs_rag_chatbot.py ""E:\\PharmAppDev\\database\\PMDA_v1_vi\\pmda_fs_index_vi"" ""C\u00f3 d\u1eef li\u1ec7u v\u1ec1 \u0111\u1ed9 \u1ed5n \u0111\u1ecbnh sau ho\u00e0n nguy\u00ean ho\u1eb7c sau pha ch\u1ebf kh\u00f4ng?"" --drug-name ""ozempic"""
2026-03-29T18:54:26,done,198c6ac66741a876,non_ollama,77,154,none,True,"Tóm tắt độ ổn định, bảo quản và các thận trọng liên quan đến bao bì.",ozempic,,ozempic,,"warning, stability",6,0.0792,0.0152,0.0952,2085,629,2880,720,2742,686,"python fs_rag_chatbot.py ""E:\\PharmAppDev\\database\\PMDA_v1_vi\\pmda_fs_index_vi"" ""T\u00f3m t\u1eaft \u0111\u1ed9 \u1ed5n \u0111\u1ecbnh, b\u1ea3o qu\u1ea3n v\u00e0 c\u00e1c th\u1eadn tr\u1ecdng li\u00ean quan \u0111\u1ebfn bao b\u00ec."" --drug-name ""ozempic"""
2026-03-29T18:54:28,done,c5cd9b176ed4c327,non_ollama,78,160,none,True,Tóm tắt Kế hoạch Quản lý Nguy cơ (RMP) của thuốc này.,ozempic,,ozempic,interview_form,rmp,6,0.1447,0.1593,0.3045,1470,478,2262,566,2833,708,"python fs_rag_chatbot.py ""E:\\PharmAppDev\\database\\PMDA_v1_vi\\pmda_fs_index_vi"" ""T\u00f3m t\u1eaft K\u1ebf ho\u1ea1ch Qu\u1ea3n l\u00fd Nguy c\u01a1 (RMP) c\u1ee7a thu\u1ed1c n\u00e0y."" --drug-name ""ozempic"""
2026-03-29T18:54:29,done,d25406a3be85f09c,non_ollama,79,161,none,True,Những nguy cơ quan trọng đã được xác định trong RMP là gì?,ozempic,,ozempic,interview_form,rmp,6,0.0862,0.0192,0.1065,1470,478,2267,567,2837,709,"python fs_rag_chatbot.py ""E:\\PharmAppDev\\database\\PMDA_v1_vi\\pmda_fs_index_vi"" ""Nh\u1eefng nguy c\u01a1 quan tr\u1ecdng \u0111\u00e3 \u0111\u01b0\u1ee3c x\u00e1c \u0111\u1ecbnh trong RMP l\u00e0 g\u00ec?"" --drug-name ""ozempic"""
2026-03-29T18:54:31,done,6003afe2b2ce7812,non_ollama,80,162,none,True,Những nguy cơ tiềm ẩn quan trọng trong RMP là gì?,ozempic,,ozempic,interview_form,rmp,6,0.0815,0.0462,0.1283,1470,478,2258,564,2828,707,"python fs_rag_chatbot.py ""E:\\PharmAppDev\\database\\PMDA_v1_vi\\pmda_fs_index_vi"" ""Nh\u1eefng nguy c\u01a1 ti\u1ec1m \u1ea9n quan tr\u1ecdng trong RMP l\u00e0 g\u00ec?"" --drug-name ""ozempic"""
2026-03-29T18:54:33,done,31c66dbdb2105a7a,non_ollama,81,163,none,True,Những thông tin còn thiếu quan trọng nào được liệt kê trong RMP?,ozempic,,ozempic,interview_form,rmp,6,0.0827,0.0193,0.1029,1470,478,2273,568,2843,711,"python fs_rag_chatbot.py ""E:\\PharmAppDev\\database\\PMDA_v1_vi\\pmda_fs_index_vi"" ""Nh\u1eefng th\u00f4ng tin c\u00f2n thi\u1ebfu quan tr\u1ecdng n\u00e0o \u0111\u01b0\u1ee3c li\u1ec7t k\u00ea trong RMP?"" --drug-name ""ozempic"""
2026-03-29T18:54:35,done,14908d54b2787714,non_ollama,82,164,none,True,Những hoạt động cảnh giác dược thường quy nào được mô tả trong RMP?,ozempic,,ozempic,interview_form,rmp,6,0.1055,0.0194,0.1262,1470,478,2276,569,2846,712,"python fs_rag_chatbot.py ""E:\\PharmAppDev\\database\\PMDA_v1_vi\\pmda_fs_index_vi"" ""Nh\u1eefng ho\u1ea1t \u0111\u1ed9ng c\u1ea3nh gi\u00e1c d\u01b0\u1ee3c th\u01b0\u1eddng quy n\u00e0o \u0111\u01b0\u1ee3c m\u00f4 t\u1ea3 trong RMP?"" --drug-name ""ozempic"""
2026-03-29T18:54:36,done,83350b909312f2b2,non_ollama,83,165,none,True,Những hoạt động cảnh giác dược bổ sung nào được mô tả?,ozempic,,ozempic,,,6,0.1486,0.113,0.2622,278,178,1061,265,2073,518,"python fs_rag_chatbot.py ""E:\\PharmAppDev\\database\\PMDA_v1_vi\\pmda_fs_index_vi"" ""Nh\u1eefng ho\u1ea1t \u0111\u1ed9ng c\u1ea3nh gi\u00e1c d\u01b0\u1ee3c b\u1ed5 sung n\u00e0o \u0111\u01b0\u1ee3c m\u00f4 t\u1ea3?"" --drug-name ""ozempic"""
2026-03-29T18:54:39,done,dbfd4ad22b7f1b6d,non_ollama,84,166,none,True,Những hoạt động giảm thiểu nguy cơ thường quy nào được mô tả?,ozempic,,ozempic,,,6,0.089,0.0167,0.1062,278,178,1068,267,2080,520,"python fs_rag_chatbot.py ""E:\\PharmAppDev\\database\\PMDA_v1_vi\\pmda_fs_index_vi"" ""Nh\u1eefng ho\u1ea1t \u0111\u1ed9ng gi\u1ea3m thi\u1ec3u nguy c\u01a1 th\u01b0\u1eddng quy n\u00e0o \u0111\u01b0\u1ee3c m\u00f4 t\u1ea3?"" --drug-name ""ozempic"""
2026-03-29T18:54:41,done,6448d6caa69ffc27,non_ollama,85,167,none,True,Những tài liệu giảm thiểu nguy cơ bổ sung nào được lên kế hoạch cho bệnh nhân hoặc nhân viên y tế?,ozempic,,ozempic,,,6,0.0788,0.0317,0.111,278,178,1105,276,2117,529,"python fs_rag_chatbot.py ""E:\\PharmAppDev\\database\\PMDA_v1_vi\\pmda_fs_index_vi"" ""Nh\u1eefng t\u00e0i li\u1ec7u gi\u1ea3m thi\u1ec3u nguy c\u01a1 b\u1ed5 sung n\u00e0o \u0111\u01b0\u1ee3c l\u00ean k\u1ebf ho\u1ea1ch cho b\u1ec7nh nh\u00e2n ho\u1eb7c nh\u00e2n vi\u00ean y t\u1ebf?"" --drug-name ""ozempic"""
2026-03-29T18:54:43,done,038ca3ad9827c40a,non_ollama,86,168,none,True,Những vấn đề liên quan đến hiệu quả điều trị nào được đưa vào RMP?,ozempic,,ozempic,interview_form,rmp,6,0.0819,0.0324,0.1147,1470,478,2275,569,2845,711,"python fs_rag_chatbot.py ""E:\\PharmAppDev\\database\\PMDA_v1_vi\\pmda_fs_index_vi"" ""Nh\u1eefng v\u1ea5n \u0111\u1ec1 li\u00ean quan \u0111\u1ebfn hi\u1ec7u qu\u1ea3 \u0111i\u1ec1u tr\u1ecb n\u00e0o \u0111\u01b0\u1ee3c \u0111\u01b0a v\u00e0o RMP?"" --drug-name ""ozempic"""
2026-03-29T18:54:45,done,c7be490fba00a8c0,non_ollama,87,169,none,True,Interview form hoặc RMP nói gì về các nguy cơ liên quan đến RMP?,ozempic,,ozempic,interview_form,rmp,6,0.0856,0.0228,0.109,2024,617,2827,707,2167,542,"python fs_rag_chatbot.py ""E:\\PharmAppDev\\database\\PMDA_v1_vi\\pmda_fs_index_vi"" ""Interview form ho\u1eb7c RMP n\u00f3i g\u00ec v\u1ec1 c\u00e1c nguy c\u01a1 li\u00ean quan \u0111\u1ebfn RMP?"" --drug-name ""ozempic"""
2026-03-29T18:54:47,done,59bc562f7310099b,non_ollama,88,170,none,True,Những nguy cơ quan trọng đã xác định và nguy cơ tiềm ẩn trong các tài liệu RMP là gì?,ozempic,,ozempic,interview_form,rmp,6,0.1495,0.123,0.2733,1470,478,2294,574,2864,716,"python fs_rag_chatbot.py ""E:\\PharmAppDev\\database\\PMDA_v1_vi\\pmda_fs_index_vi"" ""Nh\u1eefng nguy c\u01a1 quan tr\u1ecdng \u0111\u00e3 x\u00e1c \u0111\u1ecbnh v\u00e0 nguy c\u01a1 ti\u1ec1m \u1ea9n trong c\u00e1c t\u00e0i li\u1ec7u RMP l\u00e0 g\u00ec?"" --drug-name ""ozempic"""
2026-03-29T18:54:49,done,b3fdfd525feab67e,non_ollama,89,171,none,True,"Tóm tắt toàn bộ RMP bao gồm nguy cơ, theo dõi và các biện pháp giảm thiểu nguy cơ.",ozempic,,ozempic,interview_form,rmp,6,0.0963,0.0191,0.1159,1470,478,2291,573,2862,716,"python fs_rag_chatbot.py ""E:\\PharmAppDev\\database\\PMDA_v1_vi\\pmda_fs_index_vi"" ""T\u00f3m t\u1eaft to\u00e0n b\u1ed9 RMP bao g\u1ed3m nguy c\u01a1, theo d\u00f5i v\u00e0 c\u00e1c bi\u1ec7n ph\u00e1p gi\u1ea3m thi\u1ec3u nguy c\u01a1."" --drug-name ""ozempic"""
2026-03-29T18:54:51,done,6891da46f292bae3,non_ollama,90,179,none,True,Những thay đổi nhãn an toàn gần đây nào có nhắc đến thuốc này?,ozempic,,ozempic,,,6,0.0809,0.0446,0.126,278,178,1069,267,2081,520,"python fs_rag_chatbot.py ""E:\\PharmAppDev\\database\\PMDA_v1_vi\\pmda_fs_index_vi"" ""Nh\u1eefng thay \u0111\u1ed5i nh\u00e3n an to\u00e0n g\u1ea7n \u0111\u00e2y n\u00e0o c\u00f3 nh\u1eafc \u0111\u1ebfn thu\u1ed1c n\u00e0y?"" --drug-name ""ozempic"""
2026-03-29T18:54:54,done,0ce299297567478a,non_ollama,91,180,none,True,Những cập nhật an toàn mới nào đã được ban hành cho thuốc này?,ozempic,,ozempic,,,6,0.0898,0.0296,0.1199,278,178,1069,267,2081,520,"python fs_rag_chatbot.py ""E:\\PharmAppDev\\database\\PMDA_v1_vi\\pmda_fs_index_vi"" ""Nh\u1eefng c\u1eadp nh\u1eadt an to\u00e0n m\u1edbi n\u00e0o \u0111\u00e3 \u0111\u01b0\u1ee3c ban h\u00e0nh cho thu\u1ed1c n\u00e0y?"" --drug-name ""ozempic"""
2026-03-29T18:54:56,done,c3ea919118592845,non_ollama,92,181,none,True,"Có cảnh báo an toàn nào về viêm gan tối cấp, phản ứng da nặng hoặc viêm phổi kẽ không?",ozempic,,ozempic,,warning,6,0.0889,0.0131,0.1025,2085,629,2898,724,2748,687,"python fs_rag_chatbot.py ""E:\\PharmAppDev\\database\\PMDA_v1_vi\\pmda_fs_index_vi"" ""C\u00f3 c\u1ea3nh b\u00e1o an to\u00e0n n\u00e0o v\u1ec1 vi\u00eam gan t\u1ed1i c\u1ea5p, ph\u1ea3n \u1ee9ng da n\u1eb7ng ho\u1eb7c vi\u00eam ph\u1ed5i k\u1ebd kh\u00f4ng?"" --drug-name ""ozempic"""
2026-03-29T18:54:58,done,82e193da015f26ee,non_ollama,93,182,none,True,Có cảnh báo về phản ứng da nặng trong các thông báo an toàn gần đây không?,ozempic,,ozempic,,warning,6,0.1731,0.2275,0.4011,2085,629,2886,722,2736,684,"python fs_rag_chatbot.py ""E:\\PharmAppDev\\database\\PMDA_v1_vi\\pmda_fs_index_vi"" ""C\u00f3 c\u1ea3nh b\u00e1o v\u1ec1 ph\u1ea3n \u1ee9ng da n\u1eb7ng trong c\u00e1c th\u00f4ng b\u00e1o an to\u00e0n g\u1ea7n \u0111\u00e2y kh\u00f4ng?"" --drug-name ""ozempic"""
2026-03-29T18:55:00,done,4cdc17bc53025117,non_ollama,94,183,none,True,Những thông báo an toàn nào nhắc đến rối loạn chức năng gan hoặc viêm gan?,ozempic,,ozempic,,,6,0.1011,0.0269,0.1284,278,178,1081,270,2093,523,"python fs_rag_chatbot.py ""E:\\PharmAppDev\\database\\PMDA_v1_vi\\pmda_fs_index_vi"" ""Nh\u1eefng th\u00f4ng b\u00e1o an to\u00e0n n\u00e0o nh\u1eafc \u0111\u1ebfn r\u1ed1i lo\u1ea1n ch\u1ee9c n\u0103ng gan ho\u1eb7c vi\u00eam gan?"" --drug-name ""ozempic"""
2026-03-29T18:55:02,done,d83bee9652a8e8cc,non_ollama,95,184,none,True,"Có cảnh báo nào liên quan đến mang thai, nguy cơ với thai nhi hoặc thiểu ối không?",ozempic,,ozempic,,"warning, pregnancy",6,0.097,0.0497,0.1475,1684,531,2501,625,2555,639,"python fs_rag_chatbot.py ""E:\\PharmAppDev\\database\\PMDA_v1_vi\\pmda_fs_index_vi"" ""C\u00f3 c\u1ea3nh b\u00e1o n\u00e0o li\u00ean quan \u0111\u1ebfn mang thai, nguy c\u01a1 v\u1edbi thai nhi ho\u1eb7c thi\u1ec3u \u1ed1i kh\u00f4ng?"" --drug-name ""ozempic"""
2026-03-29T18:55:03,done,6b169d54e3031bb1,non_ollama,96,185,none,True,Có cảnh báo nào về tái hoạt HBV hoặc nguy cơ miễn dịch không?,ozempic,,ozempic,,warning,6,0.0886,0.0359,0.125,2085,629,2873,718,2723,681,"python fs_rag_chatbot.py ""E:\\PharmAppDev\\database\\PMDA_v1_vi\\pmda_fs_index_vi"" ""C\u00f3 c\u1ea3nh b\u00e1o n\u00e0o v\u1ec1 t\u00e1i ho\u1ea1t HBV ho\u1eb7c nguy c\u01a1 mi\u1ec5n d\u1ecbch kh\u00f4ng?"" --drug-name ""ozempic"""
2026-03-29T18:55:05,done,5e039f1ec4939270,non_ollama,97,186,none,True,Có cảnh báo nào liên quan đến chuyển hóa như nguy cơ ở người chuyển hóa cực nhanh CYP2D6 không?,ozempic,,ozempic,,warning,6,0.0797,0.0137,0.0945,2085,629,2907,727,2757,689,"python fs_rag_chatbot.py ""E:\\PharmAppDev\\database\\PMDA_v1_vi\\pmda_fs_index_vi"" ""C\u00f3 c\u1ea3nh b\u00e1o n\u00e0o li\u00ean quan \u0111\u1ebfn chuy\u1ec3n h\u00f3a nh\u01b0 nguy c\u01a1 \u1edf ng\u01b0\u1eddi chuy\u1ec3n h\u00f3a c\u1ef1c nhanh CYP2D6 kh\u00f4ng?"" --drug-name ""ozempic"""
2026-03-29T18:55:06,done,c00c005befc0c635,non_ollama,98,200,none,True,Có cảnh báo nào về rối loạn chức năng tuyến giáp hoặc hấp thu iod toàn thân không?,ozempic,,ozempic,,warning,6,0.1301,0.1818,0.3125,2085,629,2894,724,2744,686,"python fs_rag_chatbot.py ""E:\\PharmAppDev\\database\\PMDA_v1_vi\\pmda_fs_index_vi"" ""C\u00f3 c\u1ea3nh b\u00e1o n\u00e0o v\u1ec1 r\u1ed1i lo\u1ea1n ch\u1ee9c n\u0103ng tuy\u1ebfn gi\u00e1p ho\u1eb7c h\u1ea5p thu iod to\u00e0n th\u00e2n kh\u00f4ng?"" --drug-name ""ozempic"""
2026-03-29T18:55:08,done,1a529a9554b79ca4,non_ollama,99,225,none,True,Có thận trọng nào liên quan đến công thức cho phụ nữ mang thai hoặc cho con bú không?,ozempic,,ozempic,,"warning, pregnancy",6,0.1145,0.0261,0.1414,1684,531,2504,626,2558,640,"python fs_rag_chatbot.py ""E:\\PharmAppDev\\database\\PMDA_v1_vi\\pmda_fs_index_vi"" ""C\u00f3 th\u1eadn tr\u1ecdng n\u00e0o li\u00ean quan \u0111\u1ebfn c\u00f4ng th\u1ee9c cho ph\u1ee5 n\u1eef mang thai ho\u1eb7c cho con b\u00fa kh\u00f4ng?"" --drug-name ""ozempic"""
2026-03-29T18:55:10,done,ea8a54d0b6ff7145,non_ollama,100,226,none,True,Có cảnh báo nào liên quan đến rối loạn tuyến giáp hoặc hấp thu toàn thân không?,ozempic,,ozempic,,warning,6,0.0885,0.0528,0.142,2085,629,2891,723,2741,685,"python fs_rag_chatbot.py ""E:\\PharmAppDev\\database\\PMDA_v1_vi\\pmda_fs_index_vi"" ""C\u00f3 c\u1ea3nh b\u00e1o n\u00e0o li\u00ean quan \u0111\u1ebfn r\u1ed1i lo\u1ea1n tuy\u1ebfn gi\u00e1p ho\u1eb7c h\u1ea5p thu to\u00e0n th\u00e2n kh\u00f4ng?"" --drug-name ""ozempic"""
2026-03-29T18:55:11,done,8bb8f58c841094df,non_ollama,101,251,none,True,Hiển thị bằng chứng từ phần contraindications section.,ozempic,,ozempic,,contraindication,6,0.1104,0.0593,0.1706,1962,604,2764,691,1426,356,"python fs_rag_chatbot.py ""E:\\PharmAppDev\\database\\PMDA_v1_vi\\pmda_fs_index_vi"" ""Hi\u1ec3n th\u1ecb b\u1eb1ng ch\u1ee9ng t\u1eeb ph\u1ea7n contraindications section."" --drug-name ""ozempic"" --json"
2026-03-29T18:55:13,done,a1728198d7ae0697,non_ollama,102,252,none,True,Hiển thị bằng chứng từ phần warnings section.,ozempic,,ozempic,,warning,6,0.0954,0.0172,0.1136,2085,629,2857,714,2700,675,"python fs_rag_chatbot.py ""E:\\PharmAppDev\\database\\PMDA_v1_vi\\pmda_fs_index_vi"" ""Hi\u1ec3n th\u1ecb b\u1eb1ng ch\u1ee9ng t\u1eeb ph\u1ea7n warnings section."" --drug-name ""ozempic"" --json"
2026-03-29T18:55:15,done,a0629e02fed508ce,non_ollama,103,254,none,True,Trả lời kèm trích dẫn và hiển thị chính xác số trang tham chiếu.,ozempic,,ozempic,,,6,0.1527,0.2087,0.3618,278,178,1071,268,2084,521,"python fs_rag_chatbot.py ""E:\\PharmAppDev\\database\\PMDA_v1_vi\\pmda_fs_index_vi"" ""Tr\u1ea3 l\u1eddi k\u00e8m tr\u00edch d\u1eabn v\u00e0 hi\u1ec3n th\u1ecb ch\u00ednh x\u00e1c s\u1ed1 trang tham chi\u1ebfu."" --drug-name ""ozempic"" --json"
2026-03-29T18:55:16,done,10d8a9f6b33fbef8,non_ollama,104,255,none,True,Hiển thị bằng chứng hỗ trợ và các file trang nguồn cho câu trả lời PK.,ozempic,,ozempic,interview_form,pk,6,0.0791,0.0303,0.1098,4251,1168,5039,1260,1541,385,"python fs_rag_chatbot.py ""E:\\PharmAppDev\\database\\PMDA_v1_vi\\pmda_fs_index_vi"" ""Hi\u1ec3n th\u1ecb b\u1eb1ng ch\u1ee9ng h\u1ed7 tr\u1ee3 v\u00e0 c\u00e1c file trang ngu\u1ed3n cho c\u00e2u tr\u1ea3 l\u1eddi PK."" --drug-name ""ozempic"" --json"
2026-03-29T18:55:18,done,00b6b9222733a04b,non_ollama,105,256,none,True,Những trang nào đã được dùng để trả lời câu hỏi về stability?,ozempic,,ozempic,interview_form,stability,6,0.0867,0.0361,0.1234,3963,1105,4776,1194,1789,447,"python fs_rag_chatbot.py ""E:\\PharmAppDev\\database\\PMDA_v1_vi\\pmda_fs_index_vi"" ""Nh\u1eefng trang n\u00e0o \u0111\u00e3 \u0111\u01b0\u1ee3c d\u00f9ng \u0111\u1ec3 tr\u1ea3 l\u1eddi c\u00e2u h\u1ecfi v\u1ec1 stability?"" --drug-name ""ozempic"" --json"
2026-03-29T18:55:20,done,774e031fbf39c136,non_ollama,106,267,none,True,Các cảnh báo chính và chống chỉ định của ozempic là gì?,ozempic,,ozempic,,"contraindication, indication, warning",6,0.1036,0.043,0.1472,2821,818,3621,905,1362,340,"python fs_rag_chatbot.py ""E:\\PharmAppDev\\database\\PMDA_v1_vi\\pmda_fs_index_vi"" ""C\u00e1c c\u1ea3nh b\u00e1o ch\u00ednh v\u00e0 ch\u1ed1ng ch\u1ec9 \u0111\u1ecbnh c\u1ee7a ozempic l\u00e0 g\u00ec?"" --drug-name ""ozempic"""
2026-03-29T18:55:22,done,697cb4950f52fa47,non_ollama,107,269,none,True,"Hãy tóm tắt hồ sơ dược động học chi tiết bao gồm hấp thu, chuyển hóa và thải trừ.",ozempic,,ozempic,,pk,6,0.0867,0.0208,0.1082,3099,879,3894,974,1771,443,"python fs_rag_chatbot.py ""E:\\PharmAppDev\\database\\PMDA_v1_vi\\pmda_fs_index_vi"" ""H\u00e3y t\u00f3m t\u1eaft h\u1ed3 s\u01a1 d\u01b0\u1ee3c \u0111\u1ed9ng h\u1ecdc chi ti\u1ebft bao g\u1ed3m h\u1ea5p thu, chuy\u1ec3n h\u00f3a v\u00e0 th\u1ea3i tr\u1eeb."" --drug-name ""ozempic"""
2026-03-29T18:55:24,done,d489298f2681ceba,non_ollama,108,275,none,True,Hoạt chất và tá dược là gì?,ozempic,,ozempic,,,3,0.1357,0.16,0.2964,113,83,654,164,631,158,"python fs_rag_chatbot.py ""E:\\PharmAppDev\\database\\PMDA_v1_vi\\pmda_fs_index_vi"" ""Ho\u1ea1t ch\u1ea5t v\u00e0 t\u00e1 d\u01b0\u1ee3c l\u00e0 g\u00ec?"" --drug-name ""ozempic"" --top-k 3"
2026-03-29T18:55:25,done,ae7f324c03f794cd,non_ollama,109,276,none,True,Hoạt chất và tá dược là gì?,ozempic,,ozempic,,,8,0.0792,0.0169,0.0969,533,280,1441,360,2046,512,"python fs_rag_chatbot.py ""E:\\PharmAppDev\\database\\PMDA_v1_vi\\pmda_fs_index_vi"" ""Ho\u1ea1t ch\u1ea5t v\u00e0 t\u00e1 d\u01b0\u1ee3c l\u00e0 g\u00ec?"" --drug-name ""ozempic"" --top-k 8"
2026-03-29T18:55:27,done,ca1164ccc7ecbb35,non_ollama,110,284,none,True,Tóm tắt tất cả các nguy cơ chính.,ozempic,,ozempic,,,6,0.0981,0.0492,0.1477,278,178,1040,260,2053,513,"python fs_rag_chatbot.py ""E:\\PharmAppDev\\database\\PMDA_v1_vi\\pmda_fs_index_vi"" ""T\u00f3m t\u1eaft t\u1ea5t c\u1ea3 c\u00e1c nguy c\u01a1 ch\u00ednh."" --drug-name ""ozempic"""
2026-03-29T18:55:29,done,dd9144da629ae6fd,non_ollama,111,285,none,True,So sánh các cảnh báo của alprazolam và abaloparatide.,ozempic,,ozempic,,warning,6,0.1014,0.0496,0.1517,2085,629,2865,716,2716,679,"python fs_rag_chatbot.py ""E:\\PharmAppDev\\database\\PMDA_v1_vi\\pmda_fs_index_vi"" ""So s\u00e1nh c\u00e1c c\u1ea3nh b\u00e1o c\u1ee7a alprazolam v\u00e0 abaloparatide."" --drug-name ""ozempic"""
