timestamp,status,question_id,phase,order_no,line_no,generator,success,question,drug_name,error,resolved_drug_name,routed_doc_type,routed_sections,hit_count,retrieval_seconds,generation_seconds,total_seconds,estimated_context_chars,estimated_context_tokens,estimated_prompt_chars,estimated_prompt_tokens,estimated_answer_chars,estimated_answer_tokens,command
2026-03-25T05:52:43,queued,728678169eb11f80,non_ollama,1,17,none,,What are the key warnings and contraindications?,chlorhexidine gluconate,,,,,,,,,,,,,,,"python fs_rag_chatbot.py ""E:\\PharmAppDev\\database\\PMDA\\pmda_fs_index"" ""What are the key warnings and contraindications?"" --drug-name ""chlorhexidine gluconate"""
2026-03-25T05:52:43,queued,f2f3fd6403cc606a,non_ollama,2,26,none,,What are the contraindications?,chlorhexidine gluconate,,,,,,,,,,,,,,,"python fs_rag_chatbot.py ""E:\\PharmAppDev\\database\\PMDA\\pmda_fs_index"" ""What are the contraindications?"" --drug-name ""chlorhexidine gluconate"""
2026-03-25T05:52:43,queued,f0958f2bd1b35e11,non_ollama,3,27,none,,What are the approved indications and dosage instructions?,chlorhexidine gluconate,,,,,,,,,,,,,,,"python fs_rag_chatbot.py ""E:\\PharmAppDev\\database\\PMDA\\pmda_fs_index"" ""What are the approved indications and dosage instructions?"" --drug-name ""chlorhexidine gluconate"""
2026-03-25T05:52:43,queued,2fc910bdc227ecc2,non_ollama,4,28,none,,What are the important precautions before using this drug?,chlorhexidine gluconate,,,,,,,,,,,,,,,"python fs_rag_chatbot.py ""E:\\PharmAppDev\\database\\PMDA\\pmda_fs_index"" ""What are the important precautions before using this drug?"" --drug-name ""chlorhexidine gluconate"""
2026-03-25T05:52:43,queued,bf6046ccf15730de,non_ollama,5,29,none,,"Before using this drug, what should patients be careful about?",chlorhexidine gluconate,,,,,,,,,,,,,,,"python fs_rag_chatbot.py ""E:\\PharmAppDev\\database\\PMDA\\pmda_fs_index"" ""Before using this drug, what should patients be careful about?"" --drug-name ""chlorhexidine gluconate"""
2026-03-25T05:52:43,queued,0ef5fff7317acb98,non_ollama,6,30,none,,Who should not use this drug?,chlorhexidine gluconate,,,,,,,,,,,,,,,"python fs_rag_chatbot.py ""E:\\PharmAppDev\\database\\PMDA\\pmda_fs_index"" ""Who should not use this drug?"" --drug-name ""chlorhexidine gluconate"""
2026-03-25T05:52:43,queued,4d76915852199804,non_ollama,7,31,none,,What should patients avoid while taking this drug?,chlorhexidine gluconate,,,,,,,,,,,,,,,"python fs_rag_chatbot.py ""E:\\PharmAppDev\\database\\PMDA\\pmda_fs_index"" ""What should patients avoid while taking this drug?"" --drug-name ""chlorhexidine gluconate"""
2026-03-25T05:52:43,queued,fbf4ac72ea442773,non_ollama,8,32,none,,What are the major adverse reactions and serious adverse events?,chlorhexidine gluconate,,,,,,,,,,,,,,,"python fs_rag_chatbot.py ""E:\\PharmAppDev\\database\\PMDA\\pmda_fs_index"" ""What are the major adverse reactions and serious adverse events?"" --drug-name ""chlorhexidine gluconate"""
2026-03-25T05:52:43,queued,961a7a7b5f6459d8,non_ollama,9,33,none,,"Are there precautions for pediatric patients, elderly patients, pregnancy, or breastfeeding?",chlorhexidine gluconate,,,,,,,,,,,,,,,"python fs_rag_chatbot.py ""E:\\PharmAppDev\\database\\PMDA\\pmda_fs_index"" ""Are there precautions for pediatric patients, elderly patients, pregnancy, or breastfeeding?"" --drug-name ""chlorhexidine gluconate"""
2026-03-25T05:52:43,queued,9ec87f962d7181fe,non_ollama,10,34,none,,"Show the pages that discuss warnings, contraindications, and precautions.",chlorhexidine gluconate,,,,,,,,,,,,,,,"python fs_rag_chatbot.py ""E:\\PharmAppDev\\database\\PMDA\\pmda_fs_index"" ""Show the pages that discuss warnings, contraindications, and precautions."" --drug-name ""chlorhexidine gluconate"" --json"
2026-03-25T05:52:43,queued,35cc4ed5c5614ada,non_ollama,11,44,none,,What are the active ingredient and excipients?,chlorhexidine gluconate,,,,,,,,,,,,,,,"python fs_rag_chatbot.py ""E:\\PharmAppDev\\database\\PMDA\\pmda_fs_index"" ""What are the active ingredient and excipients?"" --drug-name ""chlorhexidine gluconate"""
2026-03-25T05:52:43,queued,8c125efea852179a,non_ollama,12,45,none,,List the full qualitative composition of the product.,chlorhexidine gluconate,,,,,,,,,,,,,,,"python fs_rag_chatbot.py ""E:\\PharmAppDev\\database\\PMDA\\pmda_fs_index"" ""List the full qualitative composition of the product."" --drug-name ""chlorhexidine gluconate"""
2026-03-25T05:52:43,queued,33a2d61cdf60b488,non_ollama,13,46,none,,What is the quantitative composition per unit dose?,chlorhexidine gluconate,,,,,,,,,,,,,,,"python fs_rag_chatbot.py ""E:\\PharmAppDev\\database\\PMDA\\pmda_fs_index"" ""What is the quantitative composition per unit dose?"" --drug-name ""chlorhexidine gluconate"""
2026-03-25T05:52:43,queued,297451c6821b29f7,non_ollama,14,47,none,,What dosage forms and strengths are available?,chlorhexidine gluconate,,,,,,,,,,,,,,,"python fs_rag_chatbot.py ""E:\\PharmAppDev\\database\\PMDA\\pmda_fs_index"" ""What dosage forms and strengths are available?"" --drug-name ""chlorhexidine gluconate"""
2026-03-25T05:52:43,queued,02551f863a48af23,non_ollama,15,48,none,,Which excipients are present in the 50 mg and 100 mg tablets?,chlorhexidine gluconate,,,,,,,,,,,,,,,"python fs_rag_chatbot.py ""E:\\PharmAppDev\\database\\PMDA\\pmda_fs_index"" ""Which excipients are present in the 50 mg and 100 mg tablets?"" --drug-name ""chlorhexidine gluconate"""
2026-03-25T05:52:43,queued,7a10d8f07ac0a5f8,non_ollama,16,49,none,,Are there differences in excipients between product strengths?,chlorhexidine gluconate,,,,,,,,,,,,,,,"python fs_rag_chatbot.py ""E:\\PharmAppDev\\database\\PMDA\\pmda_fs_index"" ""Are there differences in excipients between product strengths?"" --drug-name ""chlorhexidine gluconate"""
2026-03-25T05:52:43,queued,e381822dfb9aa5d3,non_ollama,17,50,none,,What formulation components are listed for this product?,chlorhexidine gluconate,,,,,,,,,,,,,,,"python fs_rag_chatbot.py ""E:\\PharmAppDev\\database\\PMDA\\pmda_fs_index"" ""What formulation components are listed for this product?"" --drug-name ""chlorhexidine gluconate"""
2026-03-25T05:52:43,queued,acdca310a8dbe6ef,non_ollama,18,51,none,,Does the document distinguish the active ingredient from excipients?,chlorhexidine gluconate,,,,,,,,,,,,,,,"python fs_rag_chatbot.py ""E:\\PharmAppDev\\database\\PMDA\\pmda_fs_index"" ""Does the document distinguish the active ingredient from excipients?"" --drug-name ""chlorhexidine gluconate"""
2026-03-25T05:52:43,queued,1db6f72ea2d0e693,non_ollama,19,52,none,,What pharmaceutical additives are mentioned in the label?,chlorhexidine gluconate,,,,,,,,,,,,,,,"python fs_rag_chatbot.py ""E:\\PharmAppDev\\database\\PMDA\\pmda_fs_index"" ""What pharmaceutical additives are mentioned in the label?"" --drug-name ""chlorhexidine gluconate"""
2026-03-25T05:52:43,queued,62b5b489c3160a97,non_ollama,20,53,none,,Show the composition section.,chlorhexidine gluconate,,,,,,,,,,,,,,,"python fs_rag_chatbot.py ""E:\\PharmAppDev\\database\\PMDA\\pmda_fs_index"" ""Show the composition section."" --drug-name ""chlorhexidine gluconate"" --json"
2026-03-25T05:52:43,queued,92a91366c9f28cfc,non_ollama,21,54,none,,Show the excipient information only.,chlorhexidine gluconate,,,,,,,,,,,,,,,"python fs_rag_chatbot.py ""E:\\PharmAppDev\\database\\PMDA\\pmda_fs_index"" ""Show the excipient information only."" --drug-name ""chlorhexidine gluconate"" --json"
2026-03-25T05:52:43,queued,e3d67d1815b06a92,non_ollama,22,55,none,,Extract the excipient list and dosage form.,chlorhexidine gluconate,,,,,,,,,,,,,,,"python fs_rag_chatbot.py ""E:\\PharmAppDev\\database\\PMDA\\pmda_fs_index"" ""Extract the excipient list and dosage form."" --drug-name ""chlorhexidine gluconate"""
2026-03-25T05:52:43,queued,f67962d040768917,non_ollama,23,56,none,,Summarize the formulation composition and pharmaceutical properties.,chlorhexidine gluconate,,,,,,,,,,,,,,,"python fs_rag_chatbot.py ""E:\\PharmAppDev\\database\\PMDA\\pmda_fs_index"" ""Summarize the formulation composition and pharmaceutical properties."" --drug-name ""chlorhexidine gluconate"""
2026-03-25T05:52:43,queued,8d2c5e5fc5c4994f,non_ollama,24,62,none,,List all excipients in the formulation.,chlorhexidine gluconate,,,,,,,,,,,,,,,"python fs_rag_chatbot.py ""E:\\PharmAppDev\\database\\PMDA\\pmda_fs_index"" ""List all excipients in the formulation."" --drug-name ""chlorhexidine gluconate"""
2026-03-25T05:52:43,queued,4f390cf146f6c64b,non_ollama,25,63,none,,List all inactive ingredients.,chlorhexidine gluconate,,,,,,,,,,,,,,,"python fs_rag_chatbot.py ""E:\\PharmAppDev\\database\\PMDA\\pmda_fs_index"" ""List all inactive ingredients."" --drug-name ""chlorhexidine gluconate"""
2026-03-25T05:52:43,queued,ea250adb0619711c,non_ollama,26,64,none,,What non-active ingredients are listed in this document?,chlorhexidine gluconate,,,,,,,,,,,,,,,"python fs_rag_chatbot.py ""E:\\PharmAppDev\\database\\PMDA\\pmda_fs_index"" ""What non-active ingredients are listed in this document?"" --drug-name ""chlorhexidine gluconate"""
2026-03-25T05:52:43,queued,ee6768b46caf6c37,non_ollama,27,65,none,,"Which excipients are likely used as diluents, binders, disintegrants, or lubricants?",chlorhexidine gluconate,,,,,,,,,,,,,,,"python fs_rag_chatbot.py ""E:\\PharmAppDev\\database\\PMDA\\pmda_fs_index"" ""Which excipients are likely used as diluents, binders, disintegrants, or lubricants?"" --drug-name ""chlorhexidine gluconate"""
2026-03-25T05:52:43,queued,2fe9daafec5f0726,non_ollama,28,66,none,,"Which excipients are related to coating, coloring, or preservation?",chlorhexidine gluconate,,,,,,,,,,,,,,,"python fs_rag_chatbot.py ""E:\\PharmAppDev\\database\\PMDA\\pmda_fs_index"" ""Which excipients are related to coating, coloring, or preservation?"" --drug-name ""chlorhexidine gluconate"""
2026-03-25T05:52:43,queued,875079bf20a978b6,non_ollama,29,67,none,,Which excipients may influence stability or manufacturability?,chlorhexidine gluconate,,,,,,,,,,,,,,,"python fs_rag_chatbot.py ""E:\\PharmAppDev\\database\\PMDA\\pmda_fs_index"" ""Which excipients may influence stability or manufacturability?"" --drug-name ""chlorhexidine gluconate"""
2026-03-25T05:52:43,queued,3e854ae8b80cee2f,non_ollama,30,68,none,,"Which excipients may affect solubility, viscosity, or release characteristics?",chlorhexidine gluconate,,,,,,,,,,,,,,,"python fs_rag_chatbot.py ""E:\\PharmAppDev\\database\\PMDA\\pmda_fs_index"" ""Which excipients may affect solubility, viscosity, or release characteristics?"" --drug-name ""chlorhexidine gluconate"""
2026-03-25T05:52:43,queued,3e6fe29634d162aa,non_ollama,31,69,none,,Summarize excipient composition and likely formulation roles.,chlorhexidine gluconate,,,,,,,,,,,,,,,"python fs_rag_chatbot.py ""E:\\PharmAppDev\\database\\PMDA\\pmda_fs_index"" ""Summarize excipient composition and likely formulation roles."" --drug-name ""chlorhexidine gluconate"""
2026-03-25T05:52:43,queued,e4be109889045630,non_ollama,32,75,none,,Are there any warnings related to excipients?,chlorhexidine gluconate,,,,,,,,,,,,,,,"python fs_rag_chatbot.py ""E:\\PharmAppDev\\database\\PMDA\\pmda_fs_index"" ""Are there any warnings related to excipients?"" --drug-name ""chlorhexidine gluconate"""
2026-03-25T05:52:43,queued,6b0a829213a1014a,non_ollama,33,76,none,,Are there any excipient-related contraindications or precautions?,chlorhexidine gluconate,,,,,,,,,,,,,,,"python fs_rag_chatbot.py ""E:\\PharmAppDev\\database\\PMDA\\pmda_fs_index"" ""Are there any excipient-related contraindications or precautions?"" --drug-name ""chlorhexidine gluconate"""
2026-03-25T05:52:43,queued,610139a57112b11c,non_ollama,34,77,none,,Which excipients may cause hypersensitivity or intolerance?,chlorhexidine gluconate,,,,,,,,,,,,,,,"python fs_rag_chatbot.py ""E:\\PharmAppDev\\database\\PMDA\\pmda_fs_index"" ""Which excipients may cause hypersensitivity or intolerance?"" --drug-name ""chlorhexidine gluconate"""
2026-03-25T05:52:43,queued,f29eb0e14d1d7ef8,non_ollama,35,78,none,,"Are there warnings about preservatives, dyes, coating agents, or alcohol-containing excipients?",chlorhexidine gluconate,,,,,,,,,,,,,,,"python fs_rag_chatbot.py ""E:\\PharmAppDev\\database\\PMDA\\pmda_fs_index"" ""Are there warnings about preservatives, dyes, coating agents, or alcohol-containing excipients?"" --drug-name ""chlorhexidine gluconate"""
2026-03-25T05:52:43,queued,411590ca4f9a4093,non_ollama,36,79,none,,"Are there warnings about sugars, polyols, or sodium content in the formulation?",chlorhexidine gluconate,,,,,,,,,,,,,,,"python fs_rag_chatbot.py ""E:\\PharmAppDev\\database\\PMDA\\pmda_fs_index"" ""Are there warnings about sugars, polyols, or sodium content in the formulation?"" --drug-name ""chlorhexidine gluconate"""
2026-03-25T05:52:43,queued,e50e2c4860a265bd,non_ollama,37,80,none,,Does the product contain excipients that require caution in sensitive patients?,chlorhexidine gluconate,,,,,,,,,,,,,,,"python fs_rag_chatbot.py ""E:\\PharmAppDev\\database\\PMDA\\pmda_fs_index"" ""Does the product contain excipients that require caution in sensitive patients?"" --drug-name ""chlorhexidine gluconate"""
2026-03-25T05:52:43,queued,7c87b6c9692c9ff5,non_ollama,38,86,none,,Are there formulation-related warnings for pediatric patients?,chlorhexidine gluconate,,,,,,,,,,,,,,,"python fs_rag_chatbot.py ""E:\\PharmAppDev\\database\\PMDA\\pmda_fs_index"" ""Are there formulation-related warnings for pediatric patients?"" --drug-name ""chlorhexidine gluconate"""
2026-03-25T05:52:43,queued,992b172da802ac76,non_ollama,39,87,none,,Are there formulation-related warnings for elderly patients?,chlorhexidine gluconate,,,,,,,,,,,,,,,"python fs_rag_chatbot.py ""E:\\PharmAppDev\\database\\PMDA\\pmda_fs_index"" ""Are there formulation-related warnings for elderly patients?"" --drug-name ""chlorhexidine gluconate"""
2026-03-25T05:52:43,queued,9b8f4345678ef8f8,non_ollama,40,88,none,,Are there warnings for pregnancy or breastfeeding related to formulation or excipients?,chlorhexidine gluconate,,,,,,,,,,,,,,,"python fs_rag_chatbot.py ""E:\\PharmAppDev\\database\\PMDA\\pmda_fs_index"" ""Are there warnings for pregnancy or breastfeeding related to formulation or excipients?"" --drug-name ""chlorhexidine gluconate"""
2026-03-25T05:52:43,queued,edd778170b1d6fc6,non_ollama,41,89,none,,"Are there safety concerns for thyroid disorders, renal dysfunction, or systemic absorption?",chlorhexidine gluconate,,,,,,,,,,,,,,,"python fs_rag_chatbot.py ""E:\\PharmAppDev\\database\\PMDA\\pmda_fs_index"" ""Are there safety concerns for thyroid disorders, renal dysfunction, or systemic absorption?"" --drug-name ""chlorhexidine gluconate"""
2026-03-25T05:52:43,queued,31bb705ef89fd344,non_ollama,42,90,none,,"Does prolonged use, large-surface application, or mucosal use increase formulation-related safety concerns?",chlorhexidine gluconate,,,,,,,,,,,,,,,"python fs_rag_chatbot.py ""E:\\PharmAppDev\\database\\PMDA\\pmda_fs_index"" ""Does prolonged use, large-surface application, or mucosal use increase formulation-related safety concerns?"" --drug-name ""chlorhexidine gluconate"""
2026-03-25T05:52:43,queued,33b32b1b30d0a8ea,non_ollama,43,91,none,,Summarize special-population precautions relevant to formulation and excipients.,chlorhexidine gluconate,,,,,,,,,,,,,,,"python fs_rag_chatbot.py ""E:\\PharmAppDev\\database\\PMDA\\pmda_fs_index"" ""Summarize special-population precautions relevant to formulation and excipients."" --drug-name ""chlorhexidine gluconate"""
2026-03-25T05:52:43,queued,d3898573efb78be2,non_ollama,44,97,none,,What storage conditions and stability precautions are described?,chlorhexidine gluconate,,,,,,,,,,,,,,,"python fs_rag_chatbot.py ""E:\\PharmAppDev\\database\\PMDA\\pmda_fs_index"" ""What storage conditions and stability precautions are described?"" --drug-name ""chlorhexidine gluconate"""
2026-03-25T05:52:43,queued,08631f1df9fe3ba5,non_ollama,45,98,none,,"Which formulation components may be sensitive to light, heat, moisture, or oxidation?",chlorhexidine gluconate,,,,,,,,,,,,,,,"python fs_rag_chatbot.py ""E:\\PharmAppDev\\database\\PMDA\\pmda_fs_index"" ""Which formulation components may be sensitive to light, heat, moisture, or oxidation?"" --drug-name ""chlorhexidine gluconate"""
2026-03-25T05:52:43,queued,1db56e78d4bed2ac,non_ollama,46,99,none,,Are there packaging or container considerations relevant to stability?,chlorhexidine gluconate,,,,,,,,,,,,,,,"python fs_rag_chatbot.py ""E:\\PharmAppDev\\database\\PMDA\\pmda_fs_index"" ""Are there packaging or container considerations relevant to stability?"" --drug-name ""chlorhexidine gluconate"""
2026-03-25T05:52:43,queued,0b0338fadd7aaf84,non_ollama,47,100,none,,Summarize formulation-related stability data and storage instructions.,chlorhexidine gluconate,,,,,,,,,,,,,,,"python fs_rag_chatbot.py ""E:\\PharmAppDev\\database\\PMDA\\pmda_fs_index"" ""Summarize formulation-related stability data and storage instructions."" --drug-name ""chlorhexidine gluconate"""
2026-03-25T05:52:43,queued,80b48d35b4159a79,non_ollama,48,106,none,,What formulation details are most relevant for generic development?,chlorhexidine gluconate,,,,,,,,,,,,,,,"python fs_rag_chatbot.py ""E:\\PharmAppDev\\database\\PMDA\\pmda_fs_index"" ""What formulation details are most relevant for generic development?"" --drug-name ""chlorhexidine gluconate"""
2026-03-25T05:52:43,queued,8d89e8edb0b52133,non_ollama,49,107,none,,Which excipients or formulation characteristics may be critical quality attributes?,chlorhexidine gluconate,,,,,,,,,,,,,,,"python fs_rag_chatbot.py ""E:\\PharmAppDev\\database\\PMDA\\pmda_fs_index"" ""Which excipients or formulation characteristics may be critical quality attributes?"" --drug-name ""chlorhexidine gluconate"""
2026-03-25T05:52:43,queued,00271bddbe5d2d9d,non_ollama,50,108,none,,What formulation warnings should be reviewed before reformulation?,chlorhexidine gluconate,,,,,,,,,,,,,,,"python fs_rag_chatbot.py ""E:\\PharmAppDev\\database\\PMDA\\pmda_fs_index"" ""What formulation warnings should be reviewed before reformulation?"" --drug-name ""chlorhexidine gluconate"""
2026-03-25T05:52:43,queued,98b925e775f3f562,non_ollama,51,109,none,,Which sample documents contain excipient information?,chlorhexidine gluconate,,,,,,,,,,,,,,,"python fs_rag_chatbot.py ""E:\\PharmAppDev\\database\\PMDA\\pmda_fs_index"" ""Which sample documents contain excipient information?"" --drug-name ""chlorhexidine gluconate"""
2026-03-25T05:52:43,queued,34b85683fe0167a0,non_ollama,52,110,none,,Which document is better for excipient details: label or patient guide?,chlorhexidine gluconate,,,,,,,,,,,,,,,"python fs_rag_chatbot.py ""E:\\PharmAppDev\\database\\PMDA\\pmda_fs_index"" ""Which document is better for excipient details: label or patient guide?"" --drug-name ""chlorhexidine gluconate"""
2026-03-25T05:52:43,queued,ca67e32e1e0f624b,non_ollama,53,111,none,,"Summarize composition, excipients, stability, and formulation-related safety risks.",chlorhexidine gluconate,,,,,,,,,,,,,,,"python fs_rag_chatbot.py ""E:\\PharmAppDev\\database\\PMDA\\pmda_fs_index"" ""Summarize composition, excipients, stability, and formulation-related safety risks."" --drug-name ""chlorhexidine gluconate"""
2026-03-25T05:52:43,queued,0aa0dd11e7f00913,non_ollama,54,121,none,,Summarize the pharmacokinetics of this drug.,chlorhexidine gluconate,,,,,,,,,,,,,,,"python fs_rag_chatbot.py ""E:\\PharmAppDev\\database\\PMDA\\pmda_fs_index"" ""Summarize the pharmacokinetics of this drug."" --drug-name ""chlorhexidine gluconate"""
2026-03-25T05:52:43,queued,adf57e78bbddd7b3,non_ollama,55,122,none,,"What are the key pharmacokinetic parameters such as Cmax, Tmax, AUC, and half-life?",chlorhexidine gluconate,,,,,,,,,,,,,,,"python fs_rag_chatbot.py ""E:\\PharmAppDev\\database\\PMDA\\pmda_fs_index"" ""What are the key pharmacokinetic parameters such as Cmax, Tmax, AUC, and half-life?"" --drug-name ""chlorhexidine gluconate"""
2026-03-25T05:52:43,queued,85c8eb75aaa1b030,non_ollama,56,123,none,,Describe the time course of plasma concentrations.,chlorhexidine gluconate,,,,,,,,,,,,,,,"python fs_rag_chatbot.py ""E:\\PharmAppDev\\database\\PMDA\\pmda_fs_index"" ""Describe the time course of plasma concentrations."" --drug-name ""chlorhexidine gluconate"""
2026-03-25T05:52:43,queued,523d2f1f088fea2d,non_ollama,57,124,none,,What population pharmacokinetic analyses are reported?,chlorhexidine gluconate,,,,,,,,,,,,,,,"python fs_rag_chatbot.py ""E:\\PharmAppDev\\database\\PMDA\\pmda_fs_index"" ""What population pharmacokinetic analyses are reported?"" --drug-name ""chlorhexidine gluconate"""
2026-03-25T05:52:43,queued,3a435872b4e9b876,non_ollama,58,125,none,,"Summarize absorption, distribution, metabolism, and excretion.",chlorhexidine gluconate,,,,,,,,,,,,,,,"python fs_rag_chatbot.py ""E:\\PharmAppDev\\database\\PMDA\\pmda_fs_index"" ""Summarize absorption, distribution, metabolism, and excretion."" --drug-name ""chlorhexidine gluconate"""
2026-03-25T05:52:43,queued,2eb68768f8a32b50,non_ollama,59,126,none,,What is known about oral absorption and bioavailability?,chlorhexidine gluconate,,,,,,,,,,,,,,,"python fs_rag_chatbot.py ""E:\\PharmAppDev\\database\\PMDA\\pmda_fs_index"" ""What is known about oral absorption and bioavailability?"" --drug-name ""chlorhexidine gluconate"""
2026-03-25T05:52:43,queued,2eef67601e9297a1,non_ollama,60,127,none,,What are the metabolism pathways and major enzymes involved?,chlorhexidine gluconate,,,,,,,,,,,,,,,"python fs_rag_chatbot.py ""E:\\PharmAppDev\\database\\PMDA\\pmda_fs_index"" ""What are the metabolism pathways and major enzymes involved?"" --drug-name ""chlorhexidine gluconate"""
2026-03-25T05:52:43,queued,6297c4287718ead0,non_ollama,61,128,none,,What transporters are mentioned in the pharmacokinetic section?,chlorhexidine gluconate,,,,,,,,,,,,,,,"python fs_rag_chatbot.py ""E:\\PharmAppDev\\database\\PMDA\\pmda_fs_index"" ""What transporters are mentioned in the pharmacokinetic section?"" --drug-name ""chlorhexidine gluconate"""
2026-03-25T05:52:43,queued,b14a5fbe941b21a7,non_ollama,62,129,none,,Are there pharmacokinetic data in renal or hepatic impairment?,chlorhexidine gluconate,,,,,,,,,,,,,,,"python fs_rag_chatbot.py ""E:\\PharmAppDev\\database\\PMDA\\pmda_fs_index"" ""Are there pharmacokinetic data in renal or hepatic impairment?"" --drug-name ""chlorhexidine gluconate"""
2026-03-25T05:52:43,queued,862e550657d28ee1,non_ollama,63,130,none,,Summarize pharmacokinetics in special populations.,chlorhexidine gluconate,,,,,,,,,,,,,,,"python fs_rag_chatbot.py ""E:\\PharmAppDev\\database\\PMDA\\pmda_fs_index"" ""Summarize pharmacokinetics in special populations."" --drug-name ""chlorhexidine gluconate"""
2026-03-25T05:52:43,queued,debd0320190c5206,non_ollama,64,136,none,,What are the key PK findings?,chlorhexidine gluconate,,,,,,,,,,,,,,,"python fs_rag_chatbot.py ""E:\\PharmAppDev\\database\\PMDA\\pmda_fs_index"" ""What are the key PK findings?"" --drug-name ""chlorhexidine gluconate"""
2026-03-25T05:52:43,queued,b6d51cda76d89574,non_ollama,65,137,none,,What does the interview form say about storage and stability?,chlorhexidine gluconate,,,,,,,,,,,,,,,"python fs_rag_chatbot.py ""E:\\PharmAppDev\\database\\PMDA\\pmda_fs_index"" ""What does the interview form say about storage and stability?"" --drug-name ""chlorhexidine gluconate"""
2026-03-25T05:52:43,queued,99f885883633a592,non_ollama,66,138,none,,Which section of the interview form describes composition and formulation?,chlorhexidine gluconate,,,,,,,,,,,,,,,"python fs_rag_chatbot.py ""E:\\PharmAppDev\\database\\PMDA\\pmda_fs_index"" ""Which section of the interview form describes composition and formulation?"" --drug-name ""chlorhexidine gluconate"""
2026-03-25T05:52:43,queued,c902ba5c039a861d,non_ollama,67,139,none,,Show evidence from the pharmacokinetics section.,chlorhexidine gluconate,,,,,,,,,,,,,,,"python fs_rag_chatbot.py ""E:\\PharmAppDev\\database\\PMDA\\pmda_fs_index"" ""Show evidence from the pharmacokinetics section."" --drug-name ""chlorhexidine gluconate"" --json"
2026-03-25T05:52:43,queued,a01c9917f1c36ac1,non_ollama,68,145,none,,Summarize the stability data of the active ingredient.,chlorhexidine gluconate,,,,,,,,,,,,,,,"python fs_rag_chatbot.py ""E:\\PharmAppDev\\database\\PMDA\\pmda_fs_index"" ""Summarize the stability data of the active ingredient."" --drug-name ""chlorhexidine gluconate"""
2026-03-25T05:52:43,queued,c240eb9281f2dd45,non_ollama,69,146,none,,Summarize the stability data of the finished formulation.,chlorhexidine gluconate,,,,,,,,,,,,,,,"python fs_rag_chatbot.py ""E:\\PharmAppDev\\database\\PMDA\\pmda_fs_index"" ""Summarize the stability data of the finished formulation."" --drug-name ""chlorhexidine gluconate"""
2026-03-25T05:52:43,queued,d6047b75febae822,non_ollama,70,147,none,,What stability results are reported under long-term storage conditions?,chlorhexidine gluconate,,,,,,,,,,,,,,,"python fs_rag_chatbot.py ""E:\\PharmAppDev\\database\\PMDA\\pmda_fs_index"" ""What stability results are reported under long-term storage conditions?"" --drug-name ""chlorhexidine gluconate"""
2026-03-25T05:52:43,queued,b0366272e0f67474,non_ollama,71,148,none,,What accelerated stability studies are reported?,chlorhexidine gluconate,,,,,,,,,,,,,,,"python fs_rag_chatbot.py ""E:\\PharmAppDev\\database\\PMDA\\pmda_fs_index"" ""What accelerated stability studies are reported?"" --drug-name ""chlorhexidine gluconate"""
2026-03-25T05:52:43,queued,501f12afccc77026,non_ollama,72,149,none,,"What stress conditions were tested, such as heat, humidity, and light?",chlorhexidine gluconate,,,,,,,,,,,,,,,"python fs_rag_chatbot.py ""E:\\PharmAppDev\\database\\PMDA\\pmda_fs_index"" ""What stress conditions were tested, such as heat, humidity, and light?"" --drug-name ""chlorhexidine gluconate"""
2026-03-25T05:52:43,queued,bf58ef91ebe6898a,non_ollama,73,150,none,,What changes occur under light exposure or photostability testing?,chlorhexidine gluconate,,,,,,,,,,,,,,,"python fs_rag_chatbot.py ""E:\\PharmAppDev\\database\\PMDA\\pmda_fs_index"" ""What changes occur under light exposure or photostability testing?"" --drug-name ""chlorhexidine gluconate"""
2026-03-25T05:52:43,queued,e0240ab986b86000,non_ollama,74,151,none,,Are there any notable degradation risks or changes in appearance?,chlorhexidine gluconate,,,,,,,,,,,,,,,"python fs_rag_chatbot.py ""E:\\PharmAppDev\\database\\PMDA\\pmda_fs_index"" ""Are there any notable degradation risks or changes in appearance?"" --drug-name ""chlorhexidine gluconate"""
2026-03-25T05:52:43,queued,17c2f1174d53c59e,non_ollama,75,152,none,,What storage conditions and shelf-life are recommended?,chlorhexidine gluconate,,,,,,,,,,,,,,,"python fs_rag_chatbot.py ""E:\\PharmAppDev\\database\\PMDA\\pmda_fs_index"" ""What storage conditions and shelf-life are recommended?"" --drug-name ""chlorhexidine gluconate"""
2026-03-25T05:52:43,queued,9c5aaeb0024ad744,non_ollama,76,153,none,,Are there data on post-reconstitution or post-preparation stability?,chlorhexidine gluconate,,,,,,,,,,,,,,,"python fs_rag_chatbot.py ""E:\\PharmAppDev\\database\\PMDA\\pmda_fs_index"" ""Are there data on post-reconstitution or post-preparation stability?"" --drug-name ""chlorhexidine gluconate"""
2026-03-25T05:52:43,queued,08c3dd55807a8c57,non_ollama,77,154,none,,"Summarize stability, storage, and packaging-related precautions.",chlorhexidine gluconate,,,,,,,,,,,,,,,"python fs_rag_chatbot.py ""E:\\PharmAppDev\\database\\PMDA\\pmda_fs_index"" ""Summarize stability, storage, and packaging-related precautions."" --drug-name ""chlorhexidine gluconate"""
2026-03-25T05:52:43,queued,5fd8a47266b00d53,non_ollama,78,160,none,,Summarize the Risk Management Plan for this drug.,chlorhexidine gluconate,,,,,,,,,,,,,,,"python fs_rag_chatbot.py ""E:\\PharmAppDev\\database\\PMDA\\pmda_fs_index"" ""Summarize the Risk Management Plan for this drug."" --drug-name ""chlorhexidine gluconate"""
2026-03-25T05:52:43,queued,3171817cf4856edd,non_ollama,79,161,none,,What are the important identified risks in the RMP?,chlorhexidine gluconate,,,,,,,,,,,,,,,"python fs_rag_chatbot.py ""E:\\PharmAppDev\\database\\PMDA\\pmda_fs_index"" ""What are the important identified risks in the RMP?"" --drug-name ""chlorhexidine gluconate"""
2026-03-25T05:52:43,queued,52d547d1423cbcfa,non_ollama,80,162,none,,What are the important potential risks in the RMP?,chlorhexidine gluconate,,,,,,,,,,,,,,,"python fs_rag_chatbot.py ""E:\\PharmAppDev\\database\\PMDA\\pmda_fs_index"" ""What are the important potential risks in the RMP?"" --drug-name ""chlorhexidine gluconate"""
2026-03-25T05:52:43,queued,67651d7c647ccd15,non_ollama,81,163,none,,What important missing information is listed in the RMP?,chlorhexidine gluconate,,,,,,,,,,,,,,,"python fs_rag_chatbot.py ""E:\\PharmAppDev\\database\\PMDA\\pmda_fs_index"" ""What important missing information is listed in the RMP?"" --drug-name ""chlorhexidine gluconate"""
2026-03-25T05:52:43,queued,0e82b4dde40f7441,non_ollama,82,164,none,,What routine pharmacovigilance activities are described in the RMP?,chlorhexidine gluconate,,,,,,,,,,,,,,,"python fs_rag_chatbot.py ""E:\\PharmAppDev\\database\\PMDA\\pmda_fs_index"" ""What routine pharmacovigilance activities are described in the RMP?"" --drug-name ""chlorhexidine gluconate"""
2026-03-25T05:52:43,queued,bcc6e75359ddae6d,non_ollama,83,165,none,,What additional pharmacovigilance activities are described?,chlorhexidine gluconate,,,,,,,,,,,,,,,"python fs_rag_chatbot.py ""E:\\PharmAppDev\\database\\PMDA\\pmda_fs_index"" ""What additional pharmacovigilance activities are described?"" --drug-name ""chlorhexidine gluconate"""
2026-03-25T05:52:43,queued,71a2237a54f170cb,non_ollama,84,166,none,,What routine risk minimization activities are described?,chlorhexidine gluconate,,,,,,,,,,,,,,,"python fs_rag_chatbot.py ""E:\\PharmAppDev\\database\\PMDA\\pmda_fs_index"" ""What routine risk minimization activities are described?"" --drug-name ""chlorhexidine gluconate"""
2026-03-25T05:52:43,queued,aaf0f057d1b21b2b,non_ollama,85,167,none,,What additional risk minimization materials are planned for patients or healthcare professionals?,chlorhexidine gluconate,,,,,,,,,,,,,,,"python fs_rag_chatbot.py ""E:\\PharmAppDev\\database\\PMDA\\pmda_fs_index"" ""What additional risk minimization materials are planned for patients or healthcare professionals?"" --drug-name ""chlorhexidine gluconate"""
2026-03-25T05:52:43,queued,34cd7b26f1ecf94b,non_ollama,86,168,none,,What effectiveness-related concerns are included in the RMP?,chlorhexidine gluconate,,,,,,,,,,,,,,,"python fs_rag_chatbot.py ""E:\\PharmAppDev\\database\\PMDA\\pmda_fs_index"" ""What effectiveness-related concerns are included in the RMP?"" --drug-name ""chlorhexidine gluconate"""
2026-03-25T05:52:43,queued,84a8b02aec19b5f0,non_ollama,87,169,none,,What does the interview form or RMP say about RMP-related risks?,chlorhexidine gluconate,,,,,,,,,,,,,,,"python fs_rag_chatbot.py ""E:\\PharmAppDev\\database\\PMDA\\pmda_fs_index"" ""What does the interview form or RMP say about RMP-related risks?"" --drug-name ""chlorhexidine gluconate"""
2026-03-25T05:52:43,queued,077cc1a75edd68a5,non_ollama,88,170,none,,What are the important identified risks and potential risks in the RMP documents?,chlorhexidine gluconate,,,,,,,,,,,,,,,"python fs_rag_chatbot.py ""E:\\PharmAppDev\\database\\PMDA\\pmda_fs_index"" ""What are the important identified risks and potential risks in the RMP documents?"" --drug-name ""chlorhexidine gluconate"""
2026-03-25T05:52:43,queued,82f7ae1c7367d3cd,non_ollama,89,171,none,,"Summarize the full RMP including risks, monitoring, and risk minimization actions.",chlorhexidine gluconate,,,,,,,,,,,,,,,"python fs_rag_chatbot.py ""E:\\PharmAppDev\\database\\PMDA\\pmda_fs_index"" ""Summarize the full RMP including risks, monitoring, and risk minimization actions."" --drug-name ""chlorhexidine gluconate"""
2026-03-25T05:52:43,queued,bf757915386b362e,non_ollama,90,179,none,,What recent safety label changes mention this drug?,chlorhexidine gluconate,,,,,,,,,,,,,,,"python fs_rag_chatbot.py ""E:\\PharmAppDev\\database\\PMDA\\pmda_fs_index"" ""What recent safety label changes mention this drug?"" --drug-name ""chlorhexidine gluconate"""
2026-03-25T05:52:43,queued,c725efb9b08a6c12,non_ollama,91,180,none,,What new safety changes were issued for this drug?,chlorhexidine gluconate,,,,,,,,,,,,,,,"python fs_rag_chatbot.py ""E:\\PharmAppDev\\database\\PMDA\\pmda_fs_index"" ""What new safety changes were issued for this drug?"" --drug-name ""chlorhexidine gluconate"""
2026-03-25T05:52:43,queued,e144d2b3b759e09e,non_ollama,92,181,none,,"Are there safety warnings about fulminant hepatitis, severe skin reactions, or interstitial pneumonia?",chlorhexidine gluconate,,,,,,,,,,,,,,,"python fs_rag_chatbot.py ""E:\\PharmAppDev\\database\\PMDA\\pmda_fs_index"" ""Are there safety warnings about fulminant hepatitis, severe skin reactions, or interstitial pneumonia?"" --drug-name ""chlorhexidine gluconate"""
2026-03-25T05:52:43,queued,ca7e93d3bf674640,non_ollama,93,182,none,,Are there severe skin reaction warnings in recent safety notices?,chlorhexidine gluconate,,,,,,,,,,,,,,,"python fs_rag_chatbot.py ""E:\\PharmAppDev\\database\\PMDA\\pmda_fs_index"" ""Are there severe skin reaction warnings in recent safety notices?"" --drug-name ""chlorhexidine gluconate"""
2026-03-25T05:52:43,queued,0bc8bc1eb040b655,non_ollama,94,183,none,,Which safety notices mention liver dysfunction or hepatitis?,chlorhexidine gluconate,,,,,,,,,,,,,,,"python fs_rag_chatbot.py ""E:\\PharmAppDev\\database\\PMDA\\pmda_fs_index"" ""Which safety notices mention liver dysfunction or hepatitis?"" --drug-name ""chlorhexidine gluconate"""
2026-03-25T05:52:43,queued,15f922b22a56c518,non_ollama,95,184,none,,"Are there warnings related to pregnancy, fetal risk, or oligohydramnios?",chlorhexidine gluconate,,,,,,,,,,,,,,,"python fs_rag_chatbot.py ""E:\\PharmAppDev\\database\\PMDA\\pmda_fs_index"" ""Are there warnings related to pregnancy, fetal risk, or oligohydramnios?"" --drug-name ""chlorhexidine gluconate"""
2026-03-25T05:52:43,queued,38a6e5c84f486012,non_ollama,96,185,none,,Are there warnings about HBV reactivation or immunologic risks?,chlorhexidine gluconate,,,,,,,,,,,,,,,"python fs_rag_chatbot.py ""E:\\PharmAppDev\\database\\PMDA\\pmda_fs_index"" ""Are there warnings about HBV reactivation or immunologic risks?"" --drug-name ""chlorhexidine gluconate"""
2026-03-25T05:52:43,queued,2d86887a67cab81d,non_ollama,97,186,none,,Are there metabolism-related warnings such as CYP2D6 ultrarapid metabolizer risk?,chlorhexidine gluconate,,,,,,,,,,,,,,,"python fs_rag_chatbot.py ""E:\\PharmAppDev\\database\\PMDA\\pmda_fs_index"" ""Are there metabolism-related warnings such as CYP2D6 ultrarapid metabolizer risk?"" --drug-name ""chlorhexidine gluconate"""
2026-03-25T05:52:43,queued,23b86b2804b75e5d,non_ollama,98,200,none,,Are there warnings about thyroid dysfunction or systemic iodine absorption?,chlorhexidine gluconate,,,,,,,,,,,,,,,"python fs_rag_chatbot.py ""E:\\PharmAppDev\\database\\PMDA\\pmda_fs_index"" ""Are there warnings about thyroid dysfunction or systemic iodine absorption?"" --drug-name ""chlorhexidine gluconate"""
2026-03-25T05:52:43,queued,2a1c070717c7f660,non_ollama,99,225,none,,Are there formulation-related precautions for pregnancy or breastfeeding?,chlorhexidine gluconate,,,,,,,,,,,,,,,"python fs_rag_chatbot.py ""E:\\PharmAppDev\\database\\PMDA\\pmda_fs_index"" ""Are there formulation-related precautions for pregnancy or breastfeeding?"" --drug-name ""chlorhexidine gluconate"""
2026-03-25T05:52:43,queued,fe7f3429a0d7df05,non_ollama,100,226,none,,Are there warnings related to thyroid disorders or systemic absorption?,chlorhexidine gluconate,,,,,,,,,,,,,,,"python fs_rag_chatbot.py ""E:\\PharmAppDev\\database\\PMDA\\pmda_fs_index"" ""Are there warnings related to thyroid disorders or systemic absorption?"" --drug-name ""chlorhexidine gluconate"""
2026-03-25T05:52:43,queued,806dd478ce66e0e2,non_ollama,101,251,none,,Show evidence from the contraindications section.,chlorhexidine gluconate,,,,,,,,,,,,,,,"python fs_rag_chatbot.py ""E:\\PharmAppDev\\database\\PMDA\\pmda_fs_index"" ""Show evidence from the contraindications section."" --drug-name ""chlorhexidine gluconate"" --json"
2026-03-25T05:52:43,queued,232d26f48366980b,non_ollama,102,252,none,,Show evidence from the warnings section.,chlorhexidine gluconate,,,,,,,,,,,,,,,"python fs_rag_chatbot.py ""E:\\PharmAppDev\\database\\PMDA\\pmda_fs_index"" ""Show evidence from the warnings section."" --drug-name ""chlorhexidine gluconate"" --json"
2026-03-25T05:52:43,queued,e08d6f2d359406ed,non_ollama,103,254,none,,Give the answer with citations and show the exact page references.,chlorhexidine gluconate,,,,,,,,,,,,,,,"python fs_rag_chatbot.py ""E:\\PharmAppDev\\database\\PMDA\\pmda_fs_index"" ""Give the answer with citations and show the exact page references."" --drug-name ""chlorhexidine gluconate"" --json"
2026-03-25T05:52:43,queued,6a29b4904ba46420,non_ollama,104,255,none,,Show the supporting evidence and source page files for the PK answer.,chlorhexidine gluconate,,,,,,,,,,,,,,,"python fs_rag_chatbot.py ""E:\\PharmAppDev\\database\\PMDA\\pmda_fs_index"" ""Show the supporting evidence and source page files for the PK answer."" --drug-name ""chlorhexidine gluconate"" --json"
2026-03-25T05:52:43,queued,e4066ff823164d81,non_ollama,105,256,none,,Which pages were used to answer the question on stability?,chlorhexidine gluconate,,,,,,,,,,,,,,,"python fs_rag_chatbot.py ""E:\\PharmAppDev\\database\\PMDA\\pmda_fs_index"" ""Which pages were used to answer the question on stability?"" --drug-name ""chlorhexidine gluconate"" --json"
2026-03-25T05:52:43,queued,70108c2251aee79f,non_ollama,106,267,none,,What are the key warnings and contraindications for chlorhexidine gluconate?,chlorhexidine gluconate,,,,,,,,,,,,,,,"python fs_rag_chatbot.py ""E:\\PharmAppDev\\database\\PMDA\\pmda_fs_index"" ""What are the key warnings and contraindications for chlorhexidine gluconate?"" --drug-name ""chlorhexidine gluconate"""
2026-03-25T05:52:43,queued,eb25ef97d1821ec7,non_ollama,107,269,none,,"Please summarize the detailed pharmacokinetic profile including absorption, metabolism, and elimination.",chlorhexidine gluconate,,,,,,,,,,,,,,,"python fs_rag_chatbot.py ""E:\\PharmAppDev\\database\\PMDA\\pmda_fs_index"" ""Please summarize the detailed pharmacokinetic profile including absorption, metabolism, and elimination."" --drug-name ""chlorhexidine gluconate"""
2026-03-25T05:52:43,queued,d0c18d13f76844f9,non_ollama,108,275,none,,What are the active ingredient and excipients?,chlorhexidine gluconate,,,,,,,,,,,,,,,"python fs_rag_chatbot.py ""E:\\PharmAppDev\\database\\PMDA\\pmda_fs_index"" ""What are the active ingredient and excipients?"" --drug-name ""chlorhexidine gluconate"" --top-k 3"
2026-03-25T05:52:43,queued,eae751154700da5d,non_ollama,109,276,none,,What are the active ingredient and excipients?,chlorhexidine gluconate,,,,,,,,,,,,,,,"python fs_rag_chatbot.py ""E:\\PharmAppDev\\database\\PMDA\\pmda_fs_index"" ""What are the active ingredient and excipients?"" --drug-name ""chlorhexidine gluconate"" --top-k 8"
2026-03-25T05:52:43,queued,d8519b2b1d879eb5,non_ollama,110,284,none,,Summarize all major risks.,chlorhexidine gluconate,,,,,,,,,,,,,,,"python fs_rag_chatbot.py ""E:\\PharmAppDev\\database\\PMDA\\pmda_fs_index"" ""Summarize all major risks."" --drug-name ""chlorhexidine gluconate"""
2026-03-25T05:52:43,queued,69658bec05d725f2,non_ollama,111,285,none,,Compare the warnings for alprazolam and abaloparatide.,chlorhexidine gluconate,,,,,,,,,,,,,,,"python fs_rag_chatbot.py ""E:\\PharmAppDev\\database\\PMDA\\pmda_fs_index"" ""Compare the warnings for alprazolam and abaloparatide."" --drug-name ""chlorhexidine gluconate"""
2026-03-25T05:53:22,done,728678169eb11f80,non_ollama,1,17,none,True,What are the key warnings and contraindications?,chlorhexidine gluconate,,chlorhexidine gluconate,,"contraindication, warning",6,38.9348,0.0,38.9361,3410,997,4294,1074,4272,1068,"python fs_rag_chatbot.py ""E:\\PharmAppDev\\database\\PMDA\\pmda_fs_index"" ""What are the key warnings and contraindications?"" --drug-name ""chlorhexidine gluconate"""
2026-03-25T05:53:57,done,f2f3fd6403cc606a,non_ollama,2,26,none,True,What are the contraindications?,chlorhexidine gluconate,,chlorhexidine gluconate,,contraindication,6,35.0547,0.0,35.0552,3950,1136,4832,1208,4525,1131,"python fs_rag_chatbot.py ""E:\\PharmAppDev\\database\\PMDA\\pmda_fs_index"" ""What are the contraindications?"" --drug-name ""chlorhexidine gluconate"""
2026-03-25T05:54:40,done,f0958f2bd1b35e11,non_ollama,3,27,none,True,What are the approved indications and dosage instructions?,chlorhexidine gluconate,,chlorhexidine gluconate,,"dosage, indication",6,42.7909,0.0,42.7914,5398,1482,6247,1562,5207,1302,"python fs_rag_chatbot.py ""E:\\PharmAppDev\\database\\PMDA\\pmda_fs_index"" ""What are the approved indications and dosage instructions?"" --drug-name ""chlorhexidine gluconate"""
2026-03-25T05:56:52,done,2fc910bdc227ecc2,non_ollama,4,28,none,True,What are the important precautions before using this drug?,chlorhexidine gluconate,,chlorhexidine gluconate,patient_guide,warning,6,132.269,0.0,132.2693,4459,1250,5318,1330,4775,1194,"python fs_rag_chatbot.py ""E:\\PharmAppDev\\database\\PMDA\\pmda_fs_index"" ""What are the important precautions before using this drug?"" --drug-name ""chlorhexidine gluconate"""
2026-03-25T05:58:56,done,bf6046ccf15730de,non_ollama,5,29,none,True,"Before using this drug, what should patients be careful about?",chlorhexidine gluconate,,chlorhexidine gluconate,patient_guide,,6,123.8006,0.0,123.801,4719,1314,5578,1394,4735,1184,"python fs_rag_chatbot.py ""E:\\PharmAppDev\\database\\PMDA\\pmda_fs_index"" ""Before using this drug, what should patients be careful about?"" --drug-name ""chlorhexidine gluconate"""
2026-03-25T06:01:24,done,0ef5fff7317acb98,non_ollama,6,30,none,True,Who should not use this drug?,chlorhexidine gluconate,,chlorhexidine gluconate,patient_guide,"contraindication, dosage",6,147.9889,0.0001,147.9893,5216,1440,6046,1512,5225,1306,"python fs_rag_chatbot.py ""E:\\PharmAppDev\\database\\PMDA\\pmda_fs_index"" ""Who should not use this drug?"" --drug-name ""chlorhexidine gluconate"""
2026-03-25T06:04:21,done,4d76915852199804,non_ollama,7,31,none,True,What should patients avoid while taking this drug?,chlorhexidine gluconate,,chlorhexidine gluconate,patient_guide,,6,176.8359,0.0,176.8364,4719,1314,5566,1392,4723,1181,"python fs_rag_chatbot.py ""E:\\PharmAppDev\\database\\PMDA\\pmda_fs_index"" ""What should patients avoid while taking this drug?"" --drug-name ""chlorhexidine gluconate"""
2026-03-25T06:05:11,done,fbf4ac72ea442773,non_ollama,8,32,none,True,What are the major adverse reactions and serious adverse events?,chlorhexidine gluconate,,chlorhexidine gluconate,,adverse_event,6,50.2947,0.0001,50.2951,4735,1328,5633,1408,4953,1238,"python fs_rag_chatbot.py ""E:\\PharmAppDev\\database\\PMDA\\pmda_fs_index"" ""What are the major adverse reactions and serious adverse events?"" --drug-name ""chlorhexidine gluconate"""
2026-03-25T06:08:09,done,961a7a7b5f6459d8,non_ollama,9,33,none,True,"Are there precautions for pediatric patients, elderly patients, pregnancy, or breastfeeding?",chlorhexidine gluconate,,chlorhexidine gluconate,patient_guide,"warning, pregnancy",6,178.3043,0.0,178.3049,3981,1133,4882,1220,4545,1136,"python fs_rag_chatbot.py ""E:\\PharmAppDev\\database\\PMDA\\pmda_fs_index"" ""Are there precautions for pediatric patients, elderly patients, pregnancy, or breastfeeding?"" --drug-name ""chlorhexidine gluconate"""
2026-03-25T06:40:25,done,9ec87f962d7181fe,non_ollama,10,34,none,True,"Show the pages that discuss warnings, contraindications, and precautions.",chlorhexidine gluconate,,chlorhexidine gluconate,,"contraindication, warning",6,1969.8412,0.0001,1969.8418,4635,1305,5553,1388,5131,1283,"python fs_rag_chatbot.py ""E:\\PharmAppDev\\database\\PMDA\\pmda_fs_index"" ""Show the pages that discuss warnings, contraindications, and precautions."" --drug-name ""chlorhexidine gluconate"" --json"
2026-03-25T06:41:29,done,35cc4ed5c5614ada,non_ollama,11,44,none,True,What are the active ingredient and excipients?,chlorhexidine gluconate,,chlorhexidine gluconate,,,6,64.1291,0.0001,64.1297,4005,1136,4850,1212,4177,1044,"python fs_rag_chatbot.py ""E:\\PharmAppDev\\database\\PMDA\\pmda_fs_index"" ""What are the active ingredient and excipients?"" --drug-name ""chlorhexidine gluconate"""
2026-03-25T06:42:21,done,8c125efea852179a,non_ollama,12,45,none,True,List the full qualitative composition of the product.,chlorhexidine gluconate,,chlorhexidine gluconate,,,6,52.3267,0.0,52.3274,5398,1483,6244,1561,5170,1292,"python fs_rag_chatbot.py ""E:\\PharmAppDev\\database\\PMDA\\pmda_fs_index"" ""List the full qualitative composition of the product."" --drug-name ""chlorhexidine gluconate"""
2026-03-25T06:43:19,done,33a2d61cdf60b488,non_ollama,13,46,none,True,What is the quantitative composition per unit dose?,chlorhexidine gluconate,,chlorhexidine gluconate,,dosage,6,57.3642,0.0,57.3648,5086,1405,5929,1482,5074,1268,"python fs_rag_chatbot.py ""E:\\PharmAppDev\\database\\PMDA\\pmda_fs_index"" ""What is the quantitative composition per unit dose?"" --drug-name ""chlorhexidine gluconate"""
2026-03-25T06:44:16,done,297451c6821b29f7,non_ollama,14,47,none,True,What dosage forms and strengths are available?,chlorhexidine gluconate,,chlorhexidine gluconate,,dosage,6,57.2119,0.0001,57.2124,5398,1482,6235,1559,5183,1296,"python fs_rag_chatbot.py ""E:\\PharmAppDev\\database\\PMDA\\pmda_fs_index"" ""What dosage forms and strengths are available?"" --drug-name ""chlorhexidine gluconate"""
2026-03-25T06:45:02,done,02551f863a48af23,non_ollama,15,48,none,True,Which excipients are present in the 50 mg and 100 mg tablets?,chlorhexidine gluconate,,chlorhexidine gluconate,,,6,45.8189,0.0,45.8196,3963,1124,4814,1204,4140,1035,"python fs_rag_chatbot.py ""E:\\PharmAppDev\\database\\PMDA\\pmda_fs_index"" ""Which excipients are present in the 50 mg and 100 mg tablets?"" --drug-name ""chlorhexidine gluconate"""
2026-03-25T06:45:40,done,7a10d8f07ac0a5f8,non_ollama,16,49,none,True,Are there differences in excipients between product strengths?,chlorhexidine gluconate,,chlorhexidine gluconate,,,6,38.291,0.0,38.2914,5399,1483,6254,1564,5179,1295,"python fs_rag_chatbot.py ""E:\\PharmAppDev\\database\\PMDA\\pmda_fs_index"" ""Are there differences in excipients between product strengths?"" --drug-name ""chlorhexidine gluconate"""
2026-03-25T06:46:18,done,e381822dfb9aa5d3,non_ollama,17,50,none,True,What formulation components are listed for this product?,chlorhexidine gluconate,,chlorhexidine gluconate,,,6,38.1164,0.0,38.1168,5399,1484,6249,1562,5174,1294,"python fs_rag_chatbot.py ""E:\\PharmAppDev\\database\\PMDA\\pmda_fs_index"" ""What formulation components are listed for this product?"" --drug-name ""chlorhexidine gluconate"""
2026-03-25T06:46:57,done,acdca310a8dbe6ef,non_ollama,18,51,none,True,Does the document distinguish the active ingredient from excipients?,chlorhexidine gluconate,,chlorhexidine gluconate,,,6,38.4764,0.0,38.4768,4612,1287,5475,1369,4601,1150,"python fs_rag_chatbot.py ""E:\\PharmAppDev\\database\\PMDA\\pmda_fs_index"" ""Does the document distinguish the active ingredient from excipients?"" --drug-name ""chlorhexidine gluconate"""
2026-03-25T06:47:39,done,1db6f72ea2d0e693,non_ollama,19,52,none,True,What pharmaceutical additives are mentioned in the label?,chlorhexidine gluconate,,chlorhexidine gluconate,,,6,42.3739,0.0001,42.3743,5216,1440,6075,1519,5183,1296,"python fs_rag_chatbot.py ""E:\\PharmAppDev\\database\\PMDA\\pmda_fs_index"" ""What pharmaceutical additives are mentioned in the label?"" --drug-name ""chlorhexidine gluconate"""
2026-03-25T06:48:21,done,62b5b489c3160a97,non_ollama,20,53,none,True,Show the composition section.,chlorhexidine gluconate,,chlorhexidine gluconate,,,6,41.5303,0.0,41.5307,5077,1406,5910,1478,5034,1258,"python fs_rag_chatbot.py ""E:\\PharmAppDev\\database\\PMDA\\pmda_fs_index"" ""Show the composition section."" --drug-name ""chlorhexidine gluconate"" --json"
2026-03-25T06:49:04,done,92a91366c9f28cfc,non_ollama,21,54,none,True,Show the excipient information only.,chlorhexidine gluconate,,chlorhexidine gluconate,,,6,43.7647,0.0,43.7651,4159,1174,4991,1248,4318,1080,"python fs_rag_chatbot.py ""E:\\PharmAppDev\\database\\PMDA\\pmda_fs_index"" ""Show the excipient information only."" --drug-name ""chlorhexidine gluconate"" --json"
2026-03-25T06:49:44,done,e3d67d1815b06a92,non_ollama,22,55,none,True,Extract the excipient list and dosage form.,chlorhexidine gluconate,,chlorhexidine gluconate,,dosage,6,39.8665,0.0,39.867,5398,1482,6232,1558,5180,1295,"python fs_rag_chatbot.py ""E:\\PharmAppDev\\database\\PMDA\\pmda_fs_index"" ""Extract the excipient list and dosage form."" --drug-name ""chlorhexidine gluconate"""
2026-03-25T06:50:29,done,f67962d040768917,non_ollama,23,56,none,True,Summarize the formulation composition and pharmaceutical properties.,chlorhexidine gluconate,,chlorhexidine gluconate,,,6,44.7445,0.0001,44.7449,5399,1484,6265,1566,5190,1298,"python fs_rag_chatbot.py ""E:\\PharmAppDev\\database\\PMDA\\pmda_fs_index"" ""Summarize the formulation composition and pharmaceutical properties."" --drug-name ""chlorhexidine gluconate"""
2026-03-25T06:51:13,done,8d2c5e5fc5c4994f,non_ollama,24,62,none,True,List all excipients in the formulation.,chlorhexidine gluconate,,chlorhexidine gluconate,,,6,44.3044,0.0001,44.3053,5398,1483,6229,1557,5155,1289,"python fs_rag_chatbot.py ""E:\\PharmAppDev\\database\\PMDA\\pmda_fs_index"" ""List all excipients in the formulation."" --drug-name ""chlorhexidine gluconate"""
2026-03-25T06:51:55,done,4f390cf146f6c64b,non_ollama,25,63,none,True,List all inactive ingredients.,chlorhexidine gluconate,,chlorhexidine gluconate,,,6,41.9731,0.0,41.9735,4005,1135,4830,1208,4156,1039,"python fs_rag_chatbot.py ""E:\\PharmAppDev\\database\\PMDA\\pmda_fs_index"" ""List all inactive ingredients."" --drug-name ""chlorhexidine gluconate"""
2026-03-25T06:52:36,done,ea250adb0619711c,non_ollama,26,64,none,True,What non-active ingredients are listed in this document?,chlorhexidine gluconate,,chlorhexidine gluconate,,,6,41.189,0.0,41.1894,4005,1136,4857,1214,4183,1046,"python fs_rag_chatbot.py ""E:\\PharmAppDev\\database\\PMDA\\pmda_fs_index"" ""What non-active ingredients are listed in this document?"" --drug-name ""chlorhexidine gluconate"""
2026-03-25T06:53:18,done,ee6768b46caf6c37,non_ollama,27,65,none,True,"Which excipients are likely used as diluents, binders, disintegrants, or lubricants?",chlorhexidine gluconate,,chlorhexidine gluconate,,,6,41.8315,0.0,41.8319,4098,1163,4995,1249,4522,1130,"python fs_rag_chatbot.py ""E:\\PharmAppDev\\database\\PMDA\\pmda_fs_index"" ""Which excipients are likely used as diluents, binders, disintegrants, or lubricants?"" --drug-name ""chlorhexidine gluconate"""
2026-03-25T06:53:58,done,2fe9daafec5f0726,non_ollama,28,66,none,True,"Which excipients are related to coating, coloring, or preservation?",chlorhexidine gluconate,,chlorhexidine gluconate,,,6,39.8393,0.0,39.8397,5399,1485,6266,1566,5192,1298,"python fs_rag_chatbot.py ""E:\\PharmAppDev\\database\\PMDA\\pmda_fs_index"" ""Which excipients are related to coating, coloring, or preservation?"" --drug-name ""chlorhexidine gluconate"""
2026-03-25T06:54:40,done,875079bf20a978b6,non_ollama,29,67,none,True,Which excipients may influence stability or manufacturability?,chlorhexidine gluconate,,chlorhexidine gluconate,interview_form,stability,6,41.7427,0.0,41.7431,5017,1392,5889,1472,5131,1283,"python fs_rag_chatbot.py ""E:\\PharmAppDev\\database\\PMDA\\pmda_fs_index"" ""Which excipients may influence stability or manufacturability?"" --drug-name ""chlorhexidine gluconate"""
2026-03-25T06:55:28,done,3e854ae8b80cee2f,non_ollama,30,68,none,True,"Which excipients may affect solubility, viscosity, or release characteristics?",chlorhexidine gluconate,,chlorhexidine gluconate,,,6,47.7939,0.0,47.7942,3538,1019,4413,1103,3942,986,"python fs_rag_chatbot.py ""E:\\PharmAppDev\\database\\PMDA\\pmda_fs_index"" ""Which excipients may affect solubility, viscosity, or release characteristics?"" --drug-name ""chlorhexidine gluconate"""
2026-03-25T06:56:12,done,3e6fe29634d162aa,non_ollama,31,69,none,True,Summarize excipient composition and likely formulation roles.,chlorhexidine gluconate,,chlorhexidine gluconate,,,6,44.1386,0.0,44.139,5077,1405,5939,1485,5063,1266,"python fs_rag_chatbot.py ""E:\\PharmAppDev\\database\\PMDA\\pmda_fs_index"" ""Summarize excipient composition and likely formulation roles."" --drug-name ""chlorhexidine gluconate"""
2026-03-25T06:56:53,done,e4be109889045630,non_ollama,32,75,none,True,Are there any warnings related to excipients?,chlorhexidine gluconate,,chlorhexidine gluconate,,warning,6,40.8468,0.0,40.8471,4459,1250,5305,1326,4731,1183,"python fs_rag_chatbot.py ""E:\\PharmAppDev\\database\\PMDA\\pmda_fs_index"" ""Are there any warnings related to excipients?"" --drug-name ""chlorhexidine gluconate"""
2026-03-25T06:57:33,done,6b0a829213a1014a,non_ollama,33,76,none,True,Are there any excipient-related contraindications or precautions?,chlorhexidine gluconate,,chlorhexidine gluconate,,"contraindication, warning",6,40.6224,0.0,40.6227,5144,1432,6054,1514,5279,1320,"python fs_rag_chatbot.py ""E:\\PharmAppDev\\database\\PMDA\\pmda_fs_index"" ""Are there any excipient-related contraindications or precautions?"" --drug-name ""chlorhexidine gluconate"""
2026-03-25T06:58:16,done,610139a57112b11c,non_ollama,34,77,none,True,Which excipients may cause hypersensitivity or intolerance?,chlorhexidine gluconate,,chlorhexidine gluconate,,,6,42.5761,0.0,42.5765,5327,1469,6194,1548,5193,1298,"python fs_rag_chatbot.py ""E:\\PharmAppDev\\database\\PMDA\\pmda_fs_index"" ""Which excipients may cause hypersensitivity or intolerance?"" --drug-name ""chlorhexidine gluconate"""
2026-03-25T06:58:57,done,f29eb0e14d1d7ef8,non_ollama,35,78,none,True,"Are there warnings about preservatives, dyes, coating agents, or alcohol-containing excipients?",chlorhexidine gluconate,,chlorhexidine gluconate,,warning,6,40.8562,0.0001,40.8567,4860,1350,5752,1438,4973,1243,"python fs_rag_chatbot.py ""E:\\PharmAppDev\\database\\PMDA\\pmda_fs_index"" ""Are there warnings about preservatives, dyes, coating agents, or alcohol-containing excipients?"" --drug-name ""chlorhexidine gluconate"""
2026-03-25T06:59:41,done,411590ca4f9a4093,non_ollama,36,79,none,True,"Are there warnings about sugars, polyols, or sodium content in the formulation?",chlorhexidine gluconate,,chlorhexidine gluconate,,warning,6,44.2258,0.0001,44.2263,4860,1350,5738,1434,4961,1240,"python fs_rag_chatbot.py ""E:\\PharmAppDev\\database\\PMDA\\pmda_fs_index"" ""Are there warnings about sugars, polyols, or sodium content in the formulation?"" --drug-name ""chlorhexidine gluconate"""
2026-03-25T07:02:19,done,e50e2c4860a265bd,non_ollama,37,80,none,True,Does the product contain excipients that require caution in sensitive patients?,chlorhexidine gluconate,,chlorhexidine gluconate,patient_guide,,6,158.5262,0.0,158.5268,5399,1484,6272,1568,5228,1307,"python fs_rag_chatbot.py ""E:\\PharmAppDev\\database\\PMDA\\pmda_fs_index"" ""Does the product contain excipients that require caution in sensitive patients?"" --drug-name ""chlorhexidine gluconate"""
2026-03-25T07:04:37,done,7c87b6c9692c9ff5,non_ollama,38,86,none,True,Are there formulation-related warnings for pediatric patients?,chlorhexidine gluconate,,chlorhexidine gluconate,patient_guide,warning,6,137.1892,0.0,137.1896,4459,1250,5322,1330,4779,1195,"python fs_rag_chatbot.py ""E:\\PharmAppDev\\database\\PMDA\\pmda_fs_index"" ""Are there formulation-related warnings for pediatric patients?"" --drug-name ""chlorhexidine gluconate"""
2026-03-25T07:07:09,done,992b172da802ac76,non_ollama,39,87,none,True,Are there formulation-related warnings for elderly patients?,chlorhexidine gluconate,,chlorhexidine gluconate,patient_guide,warning,6,152.5058,0.0,152.5062,4459,1250,5320,1330,4777,1194,"python fs_rag_chatbot.py ""E:\\PharmAppDev\\database\\PMDA\\pmda_fs_index"" ""Are there formulation-related warnings for elderly patients?"" --drug-name ""chlorhexidine gluconate"""
2026-03-25T07:07:52,done,9b8f4345678ef8f8,non_ollama,40,88,none,True,Are there warnings for pregnancy or breastfeeding related to formulation or excipients?,chlorhexidine gluconate,,chlorhexidine gluconate,,"warning, pregnancy",6,42.956,0.0,42.9563,3783,1083,4679,1170,4510,1128,"python fs_rag_chatbot.py ""E:\\PharmAppDev\\database\\PMDA\\pmda_fs_index"" ""Are there warnings for pregnancy or breastfeeding related to formulation or excipients?"" --drug-name ""chlorhexidine gluconate"""
2026-03-25T07:08:35,done,edd778170b1d6fc6,non_ollama,41,89,none,True,"Are there safety concerns for thyroid disorders, renal dysfunction, or systemic absorption?",chlorhexidine gluconate,,chlorhexidine gluconate,,,6,42.7404,0.0,42.7408,5400,1483,6281,1570,5206,1302,"python fs_rag_chatbot.py ""E:\\PharmAppDev\\database\\PMDA\\pmda_fs_index"" ""Are there safety concerns for thyroid disorders, renal dysfunction, or systemic absorption?"" --drug-name ""chlorhexidine gluconate"""
2026-03-25T07:09:18,done,31bb705ef89fd344,non_ollama,42,90,none,True,"Does prolonged use, large-surface application, or mucosal use increase formulation-related safety concerns?",chlorhexidine gluconate,,chlorhexidine gluconate,,dosage,6,42.8654,0.0,42.866,5399,1483,6297,1574,5243,1311,"python fs_rag_chatbot.py ""E:\\PharmAppDev\\database\\PMDA\\pmda_fs_index"" ""Does prolonged use, large-surface application, or mucosal use increase formulation-related safety concerns?"" --drug-name ""chlorhexidine gluconate"""
2026-03-25T07:09:59,done,33b32b1b30d0a8ea,non_ollama,43,91,none,True,Summarize special-population precautions relevant to formulation and excipients.,chlorhexidine gluconate,,chlorhexidine gluconate,,warning,6,41.6328,0.0,41.6332,4459,1250,5340,1335,4766,1192,"python fs_rag_chatbot.py ""E:\\PharmAppDev\\database\\PMDA\\pmda_fs_index"" ""Summarize special-population precautions relevant to formulation and excipients."" --drug-name ""chlorhexidine gluconate"""
2026-03-25T07:10:42,done,d3898573efb78be2,non_ollama,44,97,none,True,What storage conditions and stability precautions are described?,chlorhexidine gluconate,,chlorhexidine gluconate,interview_form,"warning, stability",6,42.4614,0.0,42.4618,5017,1392,5891,1473,5142,1286,"python fs_rag_chatbot.py ""E:\\PharmAppDev\\database\\PMDA\\pmda_fs_index"" ""What storage conditions and stability precautions are described?"" --drug-name ""chlorhexidine gluconate"""
2026-03-25T07:11:20,done,08631f1df9fe3ba5,non_ollama,45,98,none,True,"Which formulation components may be sensitive to light, heat, moisture, or oxidation?",chlorhexidine gluconate,,chlorhexidine gluconate,,,6,37.748,0.0,37.7484,5077,1404,5960,1490,5081,1270,"python fs_rag_chatbot.py ""E:\\PharmAppDev\\database\\PMDA\\pmda_fs_index"" ""Which formulation components may be sensitive to light, heat, moisture, or oxidation?"" --drug-name ""chlorhexidine gluconate"""
2026-03-25T07:11:58,done,1db56e78d4bed2ac,non_ollama,46,99,none,True,Are there packaging or container considerations relevant to stability?,chlorhexidine gluconate,,chlorhexidine gluconate,interview_form,stability,6,38.6514,0.0,38.6517,5017,1392,5897,1474,5139,1285,"python fs_rag_chatbot.py ""E:\\PharmAppDev\\database\\PMDA\\pmda_fs_index"" ""Are there packaging or container considerations relevant to stability?"" --drug-name ""chlorhexidine gluconate"""
2026-03-25T07:12:37,done,0b0338fadd7aaf84,non_ollama,47,100,none,True,Summarize formulation-related stability data and storage instructions.,chlorhexidine gluconate,,chlorhexidine gluconate,interview_form,stability,6,39.1959,0.0001,39.1964,5017,1392,5897,1474,5139,1285,"python fs_rag_chatbot.py ""E:\\PharmAppDev\\database\\PMDA\\pmda_fs_index"" ""Summarize formulation-related stability data and storage instructions."" --drug-name ""chlorhexidine gluconate"""
2026-03-25T07:13:16,done,80b48d35b4159a79,non_ollama,48,106,none,True,What formulation details are most relevant for generic development?,chlorhexidine gluconate,,chlorhexidine gluconate,,,6,38.3775,0.0,38.3781,5399,1484,6262,1566,5187,1297,"python fs_rag_chatbot.py ""E:\\PharmAppDev\\database\\PMDA\\pmda_fs_index"" ""What formulation details are most relevant for generic development?"" --drug-name ""chlorhexidine gluconate"""
2026-03-25T07:13:54,done,8d89e8edb0b52133,non_ollama,49,107,none,True,Which excipients or formulation characteristics may be critical quality attributes?,chlorhexidine gluconate,,chlorhexidine gluconate,,,6,37.7948,0.0,37.7952,5077,1404,5958,1490,5082,1270,"python fs_rag_chatbot.py ""E:\\PharmAppDev\\database\\PMDA\\pmda_fs_index"" ""Which excipients or formulation characteristics may be critical quality attributes?"" --drug-name ""chlorhexidine gluconate"""
2026-03-25T07:14:32,done,00271bddbe5d2d9d,non_ollama,50,108,none,True,What formulation warnings should be reviewed before reformulation?,chlorhexidine gluconate,,chlorhexidine gluconate,,warning,6,38.2723,0.0,38.2726,4859,1350,5725,1431,4950,1238,"python fs_rag_chatbot.py ""E:\\PharmAppDev\\database\\PMDA\\pmda_fs_index"" ""What formulation warnings should be reviewed before reformulation?"" --drug-name ""chlorhexidine gluconate"""
2026-03-25T07:15:09,done,98b925e775f3f562,non_ollama,51,109,none,True,Which sample documents contain excipient information?,chlorhexidine gluconate,,chlorhexidine gluconate,,,6,37.5532,0.0,37.5535,4779,1329,5627,1407,4753,1188,"python fs_rag_chatbot.py ""E:\\PharmAppDev\\database\\PMDA\\pmda_fs_index"" ""Which sample documents contain excipient information?"" --drug-name ""chlorhexidine gluconate"""
2026-03-25T07:17:28,done,34b85683fe0167a0,non_ollama,52,110,none,True,Which document is better for excipient details: label or patient guide?,chlorhexidine gluconate,,chlorhexidine gluconate,patient_guide,,6,139.0118,0.0001,139.0124,4039,1144,4907,1227,4265,1066,"python fs_rag_chatbot.py ""E:\\PharmAppDev\\database\\PMDA\\pmda_fs_index"" ""Which document is better for excipient details: label or patient guide?"" --drug-name ""chlorhexidine gluconate"""
2026-03-25T07:18:08,done,ca67e32e1e0f624b,non_ollama,53,111,none,True,"Summarize composition, excipients, stability, and formulation-related safety risks.",chlorhexidine gluconate,,chlorhexidine gluconate,interview_form,stability,6,39.3959,0.0,39.3963,5017,1392,5910,1478,5152,1288,"python fs_rag_chatbot.py ""E:\\PharmAppDev\\database\\PMDA\\pmda_fs_index"" ""Summarize composition, excipients, stability, and formulation-related safety risks."" --drug-name ""chlorhexidine gluconate"""
2026-03-25T07:18:48,done,0aa0dd11e7f00913,non_ollama,54,121,none,True,Summarize the pharmacokinetics of this drug.,chlorhexidine gluconate,,chlorhexidine gluconate,interview_form,pk,6,39.6974,0.0,39.6977,5399,1478,6215,1554,5194,1298,"python fs_rag_chatbot.py ""E:\\PharmAppDev\\database\\PMDA\\pmda_fs_index"" ""Summarize the pharmacokinetics of this drug."" --drug-name ""chlorhexidine gluconate"""
2026-03-25T07:19:26,done,adf57e78bbddd7b3,non_ollama,55,122,none,True,"What are the key pharmacokinetic parameters such as Cmax, Tmax, AUC, and half-life?",chlorhexidine gluconate,,chlorhexidine gluconate,interview_form,pk,6,38.8848,0.0,38.8852,5398,1478,6254,1564,5235,1309,"python fs_rag_chatbot.py ""E:\\PharmAppDev\\database\\PMDA\\pmda_fs_index"" ""What are the key pharmacokinetic parameters such as Cmax, Tmax, AUC, and half-life?"" --drug-name ""chlorhexidine gluconate"""
2026-03-25T07:20:08,done,85c8eb75aaa1b030,non_ollama,56,123,none,True,Describe the time course of plasma concentrations.,chlorhexidine gluconate,,chlorhexidine gluconate,,,6,41.7296,0.0,41.73,4765,1331,5632,1408,4755,1189,"python fs_rag_chatbot.py ""E:\\PharmAppDev\\database\\PMDA\\pmda_fs_index"" ""Describe the time course of plasma concentrations."" --drug-name ""chlorhexidine gluconate"""
2026-03-25T07:20:55,done,523d2f1f088fea2d,non_ollama,57,124,none,True,What population pharmacokinetic analyses are reported?,chlorhexidine gluconate,,chlorhexidine gluconate,interview_form,pk,6,46.4543,0.0,46.4547,5398,1478,6225,1556,5206,1302,"python fs_rag_chatbot.py ""E:\\PharmAppDev\\database\\PMDA\\pmda_fs_index"" ""What population pharmacokinetic analyses are reported?"" --drug-name ""chlorhexidine gluconate"""
2026-03-25T07:21:34,done,3a435872b4e9b876,non_ollama,58,125,none,True,"Summarize absorption, distribution, metabolism, and excretion.",chlorhexidine gluconate,,chlorhexidine gluconate,,,6,39.4642,0.0,39.4646,4675,1303,5533,1383,4662,1166,"python fs_rag_chatbot.py ""E:\\PharmAppDev\\database\\PMDA\\pmda_fs_index"" ""Summarize absorption, distribution, metabolism, and excretion."" --drug-name ""chlorhexidine gluconate"""
2026-03-25T07:22:17,done,2eb68768f8a32b50,non_ollama,59,126,none,True,What is known about oral absorption and bioavailability?,chlorhexidine gluconate,,chlorhexidine gluconate,,,6,42.5022,0.0,42.5026,5298,1460,6155,1539,5182,1296,"python fs_rag_chatbot.py ""E:\\PharmAppDev\\database\\PMDA\\pmda_fs_index"" ""What is known about oral absorption and bioavailability?"" --drug-name ""chlorhexidine gluconate"""
2026-03-25T07:22:57,done,2eef67601e9297a1,non_ollama,60,127,none,True,What are the metabolism pathways and major enzymes involved?,chlorhexidine gluconate,,chlorhexidine gluconate,,,6,39.9774,0.0,39.9777,3540,1022,4406,1102,3934,984,"python fs_rag_chatbot.py ""E:\\PharmAppDev\\database\\PMDA\\pmda_fs_index"" ""What are the metabolism pathways and major enzymes involved?"" --drug-name ""chlorhexidine gluconate"""
2026-03-25T07:23:35,done,6297c4287718ead0,non_ollama,61,128,none,True,What transporters are mentioned in the pharmacokinetic section?,chlorhexidine gluconate,,chlorhexidine gluconate,interview_form,pk,6,38.8191,0.0,38.8194,5164,1420,6000,1500,5181,1295,"python fs_rag_chatbot.py ""E:\\PharmAppDev\\database\\PMDA\\pmda_fs_index"" ""What transporters are mentioned in the pharmacokinetic section?"" --drug-name ""chlorhexidine gluconate"""
2026-03-25T07:24:14,done,b14a5fbe941b21a7,non_ollama,62,129,none,True,Are there pharmacokinetic data in renal or hepatic impairment?,chlorhexidine gluconate,,chlorhexidine gluconate,interview_form,pk,6,39.006,0.0,39.0065,5399,1478,6234,1558,5215,1304,"python fs_rag_chatbot.py ""E:\\PharmAppDev\\database\\PMDA\\pmda_fs_index"" ""Are there pharmacokinetic data in renal or hepatic impairment?"" --drug-name ""chlorhexidine gluconate"""
2026-03-25T07:24:56,done,862e550657d28ee1,non_ollama,63,130,none,True,Summarize pharmacokinetics in special populations.,chlorhexidine gluconate,,chlorhexidine gluconate,interview_form,pk,6,41.422,0.0,41.4224,5399,1478,6221,1555,5200,1300,"python fs_rag_chatbot.py ""E:\\PharmAppDev\\database\\PMDA\\pmda_fs_index"" ""Summarize pharmacokinetics in special populations."" --drug-name ""chlorhexidine gluconate"""
2026-03-25T07:25:35,done,debd0320190c5206,non_ollama,64,136,none,True,What are the key PK findings?,chlorhexidine gluconate,,chlorhexidine gluconate,interview_form,pk,6,39.21,0.0,39.2106,5164,1420,5966,1492,5147,1287,"python fs_rag_chatbot.py ""E:\\PharmAppDev\\database\\PMDA\\pmda_fs_index"" ""What are the key PK findings?"" --drug-name ""chlorhexidine gluconate"""
2026-03-25T07:26:28,done,b6d51cda76d89574,non_ollama,65,137,none,True,What does the interview form say about storage and stability?,chlorhexidine gluconate,,chlorhexidine gluconate,interview_form,stability,6,52.8238,0.0,52.8242,5017,1392,5888,1472,5130,1282,"python fs_rag_chatbot.py ""E:\\PharmAppDev\\database\\PMDA\\pmda_fs_index"" ""What does the interview form say about storage and stability?"" --drug-name ""chlorhexidine gluconate"""
2026-03-25T07:27:17,done,99f885883633a592,non_ollama,66,138,none,True,Which section of the interview form describes composition and formulation?,chlorhexidine gluconate,,chlorhexidine gluconate,interview_form,,6,49.2724,0.0,49.2728,5399,1484,6267,1567,5224,1306,"python fs_rag_chatbot.py ""E:\\PharmAppDev\\database\\PMDA\\pmda_fs_index"" ""Which section of the interview form describes composition and formulation?"" --drug-name ""chlorhexidine gluconate"""
2026-03-25T07:28:11,done,c902ba5c039a861d,non_ollama,67,139,none,True,Show evidence from the pharmacokinetics section.,chlorhexidine gluconate,,chlorhexidine gluconate,interview_form,pk,6,54.3131,0.0001,54.3135,5164,1420,5985,1496,5165,1291,"python fs_rag_chatbot.py ""E:\\PharmAppDev\\database\\PMDA\\pmda_fs_index"" ""Show evidence from the pharmacokinetics section."" --drug-name ""chlorhexidine gluconate"" --json"
2026-03-25T07:29:14,done,a01c9917f1c36ac1,non_ollama,68,145,none,True,Summarize the stability data of the active ingredient.,chlorhexidine gluconate,,chlorhexidine gluconate,interview_form,stability,6,62.6461,0.0,62.6467,5017,1392,5881,1470,5123,1281,"python fs_rag_chatbot.py ""E:\\PharmAppDev\\database\\PMDA\\pmda_fs_index"" ""Summarize the stability data of the active ingredient."" --drug-name ""chlorhexidine gluconate"""
2026-03-25T07:30:14,done,c240eb9281f2dd45,non_ollama,69,146,none,True,Summarize the stability data of the finished formulation.,chlorhexidine gluconate,,chlorhexidine gluconate,interview_form,stability,6,60.3939,0.0,60.3943,5017,1392,5884,1471,5126,1282,"python fs_rag_chatbot.py ""E:\\PharmAppDev\\database\\PMDA\\pmda_fs_index"" ""Summarize the stability data of the finished formulation."" --drug-name ""chlorhexidine gluconate"""
2026-03-25T07:31:06,done,d6047b75febae822,non_ollama,70,147,none,True,What stability results are reported under long-term storage conditions?,chlorhexidine gluconate,,chlorhexidine gluconate,interview_form,stability,6,51.5846,0.0,51.585,5017,1392,5898,1474,5140,1285,"python fs_rag_chatbot.py ""E:\\PharmAppDev\\database\\PMDA\\pmda_fs_index"" ""What stability results are reported under long-term storage conditions?"" --drug-name ""chlorhexidine gluconate"""
2026-03-25T07:31:46,done,b0366272e0f67474,non_ollama,71,148,none,True,What accelerated stability studies are reported?,chlorhexidine gluconate,,chlorhexidine gluconate,interview_form,stability,6,40.1482,0.0001,40.1486,5017,1392,5875,1469,5117,1279,"python fs_rag_chatbot.py ""E:\\PharmAppDev\\database\\PMDA\\pmda_fs_index"" ""What accelerated stability studies are reported?"" --drug-name ""chlorhexidine gluconate"""
2026-03-25T07:32:24,done,501f12afccc77026,non_ollama,72,149,none,True,"What stress conditions were tested, such as heat, humidity, and light?",chlorhexidine gluconate,,chlorhexidine gluconate,,,6,37.9837,0.0,37.9841,3221,944,4105,1026,3816,954,"python fs_rag_chatbot.py ""E:\\PharmAppDev\\database\\PMDA\\pmda_fs_index"" ""What stress conditions were tested, such as heat, humidity, and light?"" --drug-name ""chlorhexidine gluconate"""
2026-03-25T07:33:03,done,bf58ef91ebe6898a,non_ollama,73,150,none,True,What changes occur under light exposure or photostability testing?,chlorhexidine gluconate,,chlorhexidine gluconate,interview_form,,6,38.741,0.0001,38.7414,4577,1282,5454,1364,4811,1203,"python fs_rag_chatbot.py ""E:\\PharmAppDev\\database\\PMDA\\pmda_fs_index"" ""What changes occur under light exposure or photostability testing?"" --drug-name ""chlorhexidine gluconate"""
2026-03-25T07:33:41,done,e0240ab986b86000,non_ollama,74,151,none,True,Are there any notable degradation risks or changes in appearance?,chlorhexidine gluconate,,chlorhexidine gluconate,,,6,38.0039,0.0,38.0043,5399,1486,6269,1567,5194,1298,"python fs_rag_chatbot.py ""E:\\PharmAppDev\\database\\PMDA\\pmda_fs_index"" ""Are there any notable degradation risks or changes in appearance?"" --drug-name ""chlorhexidine gluconate"""
2026-03-25T07:34:19,done,17c2f1174d53c59e,non_ollama,75,152,none,True,What storage conditions and shelf-life are recommended?,chlorhexidine gluconate,,chlorhexidine gluconate,,stability,6,37.6442,0.0,37.6445,5017,1392,5882,1470,5092,1273,"python fs_rag_chatbot.py ""E:\\PharmAppDev\\database\\PMDA\\pmda_fs_index"" ""What storage conditions and shelf-life are recommended?"" --drug-name ""chlorhexidine gluconate"""
2026-03-25T07:34:59,done,9c5aaeb0024ad744,non_ollama,76,153,none,True,Are there data on post-reconstitution or post-preparation stability?,chlorhexidine gluconate,,chlorhexidine gluconate,interview_form,stability,6,40.536,0.0,40.5366,5017,1392,5895,1474,5137,1284,"python fs_rag_chatbot.py ""E:\\PharmAppDev\\database\\PMDA\\pmda_fs_index"" ""Are there data on post-reconstitution or post-preparation stability?"" --drug-name ""chlorhexidine gluconate"""
2026-03-25T07:35:39,done,08c3dd55807a8c57,non_ollama,77,154,none,True,"Summarize stability, storage, and packaging-related precautions.",chlorhexidine gluconate,,chlorhexidine gluconate,interview_form,"warning, stability",6,39.765,0.0001,39.7655,5017,1392,5891,1473,5142,1286,"python fs_rag_chatbot.py ""E:\\PharmAppDev\\database\\PMDA\\pmda_fs_index"" ""Summarize stability, storage, and packaging-related precautions."" --drug-name ""chlorhexidine gluconate"""
2026-03-25T07:36:17,done,5fd8a47266b00d53,non_ollama,78,160,none,True,Summarize the Risk Management Plan for this drug.,chlorhexidine gluconate,,chlorhexidine gluconate,,rmp,6,38.0141,0.0,38.0146,3621,1034,4443,1111,3987,997,"python fs_rag_chatbot.py ""E:\\PharmAppDev\\database\\PMDA\\pmda_fs_index"" ""Summarize the Risk Management Plan for this drug."" --drug-name ""chlorhexidine gluconate"""
2026-03-25T07:36:55,done,3171817cf4856edd,non_ollama,79,161,none,True,What are the important identified risks in the RMP?,chlorhexidine gluconate,,chlorhexidine gluconate,interview_form,rmp,6,38.2129,0.0,38.2133,3304,954,4128,1032,3904,976,"python fs_rag_chatbot.py ""E:\\PharmAppDev\\database\\PMDA\\pmda_fs_index"" ""What are the important identified risks in the RMP?"" --drug-name ""chlorhexidine gluconate"""
2026-03-25T07:37:33,done,52d547d1423cbcfa,non_ollama,80,162,none,True,What are the important potential risks in the RMP?,chlorhexidine gluconate,,chlorhexidine gluconate,interview_form,rmp,6,38.2596,0.0,38.2599,3304,954,4127,1032,3903,976,"python fs_rag_chatbot.py ""E:\\PharmAppDev\\database\\PMDA\\pmda_fs_index"" ""What are the important potential risks in the RMP?"" --drug-name ""chlorhexidine gluconate"""
2026-03-25T07:38:11,done,67651d7c647ccd15,non_ollama,81,163,none,True,What important missing information is listed in the RMP?,chlorhexidine gluconate,,chlorhexidine gluconate,interview_form,rmp,6,37.7819,0.0,37.7822,3304,954,4133,1033,3909,977,"python fs_rag_chatbot.py ""E:\\PharmAppDev\\database\\PMDA\\pmda_fs_index"" ""What important missing information is listed in the RMP?"" --drug-name ""chlorhexidine gluconate"""
2026-03-25T07:38:55,done,0e82b4dde40f7441,non_ollama,82,164,none,True,What routine pharmacovigilance activities are described in the RMP?,chlorhexidine gluconate,,chlorhexidine gluconate,interview_form,rmp,6,44.2665,0.0,44.267,3621,1034,4461,1115,4037,1009,"python fs_rag_chatbot.py ""E:\\PharmAppDev\\database\\PMDA\\pmda_fs_index"" ""What routine pharmacovigilance activities are described in the RMP?"" --drug-name ""chlorhexidine gluconate"""
2026-03-25T07:39:44,done,bcc6e75359ddae6d,non_ollama,83,165,none,True,What additional pharmacovigilance activities are described?,chlorhexidine gluconate,,chlorhexidine gluconate,,,6,49.0232,0.0,49.0235,3963,1127,4827,1207,4152,1038,"python fs_rag_chatbot.py ""E:\\PharmAppDev\\database\\PMDA\\pmda_fs_index"" ""What additional pharmacovigilance activities are described?"" --drug-name ""chlorhexidine gluconate"""
2026-03-25T07:40:37,done,71a2237a54f170cb,non_ollama,84,166,none,True,What routine risk minimization activities are described?,chlorhexidine gluconate,,chlorhexidine gluconate,,,6,52.0527,0.0,52.0531,3962,1125,4816,1204,4142,1036,"python fs_rag_chatbot.py ""E:\\PharmAppDev\\database\\PMDA\\pmda_fs_index"" ""What routine risk minimization activities are described?"" --drug-name ""chlorhexidine gluconate"""
2026-03-25T07:44:30,done,aaf0f057d1b21b2b,non_ollama,85,167,none,True,What additional risk minimization materials are planned for patients or healthcare professionals?,chlorhexidine gluconate,,chlorhexidine gluconate,patient_guide,,6,233.128,0.0001,233.1291,4159,1174,5052,1263,4410,1102,"python fs_rag_chatbot.py ""E:\\PharmAppDev\\database\\PMDA\\pmda_fs_index"" ""What additional risk minimization materials are planned for patients or healthcare professionals?"" --drug-name ""chlorhexidine gluconate"""
2026-03-25T07:45:17,done,34cd7b26f1ecf94b,non_ollama,86,168,none,True,What effectiveness-related concerns are included in the RMP?,chlorhexidine gluconate,,chlorhexidine gluconate,interview_form,rmp,6,47.4634,0.0,47.4641,3621,1034,4454,1114,4030,1008,"python fs_rag_chatbot.py ""E:\\PharmAppDev\\database\\PMDA\\pmda_fs_index"" ""What effectiveness-related concerns are included in the RMP?"" --drug-name ""chlorhexidine gluconate"""
2026-03-25T07:45:57,done,84a8b02aec19b5f0,non_ollama,87,169,none,True,What does the interview form or RMP say about RMP-related risks?,chlorhexidine gluconate,,chlorhexidine gluconate,interview_form,rmp,6,39.4135,0.0,39.4139,3621,1034,4458,1114,4034,1008,"python fs_rag_chatbot.py ""E:\\PharmAppDev\\database\\PMDA\\pmda_fs_index"" ""What does the interview form or RMP say about RMP-related risks?"" --drug-name ""chlorhexidine gluconate"""
2026-03-25T07:46:42,done,077cc1a75edd68a5,non_ollama,88,170,none,True,What are the important identified risks and potential risks in the RMP documents?,chlorhexidine gluconate,,chlorhexidine gluconate,interview_form,rmp,6,45.5607,0.0,45.561,3304,954,4158,1040,3934,984,"python fs_rag_chatbot.py ""E:\\PharmAppDev\\database\\PMDA\\pmda_fs_index"" ""What are the important identified risks and potential risks in the RMP documents?"" --drug-name ""chlorhexidine gluconate"""
2026-03-25T07:47:31,done,82f7ae1c7367d3cd,non_ollama,89,171,none,True,"Summarize the full RMP including risks, monitoring, and risk minimization actions.",chlorhexidine gluconate,,chlorhexidine gluconate,interview_form,rmp,6,49.0741,0.0,49.0745,3621,1034,4476,1119,4052,1013,"python fs_rag_chatbot.py ""E:\\PharmAppDev\\database\\PMDA\\pmda_fs_index"" ""Summarize the full RMP including risks, monitoring, and risk minimization actions."" --drug-name ""chlorhexidine gluconate"""
2026-03-25T07:48:21,done,bf757915386b362e,non_ollama,90,179,none,True,What recent safety label changes mention this drug?,chlorhexidine gluconate,,chlorhexidine gluconate,,,6,49.6845,0.0,49.6848,5399,1484,6244,1561,5169,1292,"python fs_rag_chatbot.py ""E:\\PharmAppDev\\database\\PMDA\\pmda_fs_index"" ""What recent safety label changes mention this drug?"" --drug-name ""chlorhexidine gluconate"""
2026-03-25T07:49:06,done,c725efb9b08a6c12,non_ollama,91,180,none,True,What new safety changes were issued for this drug?,chlorhexidine gluconate,,chlorhexidine gluconate,,,6,45.2207,0.0,45.221,4719,1314,5566,1392,4692,1173,"python fs_rag_chatbot.py ""E:\\PharmAppDev\\database\\PMDA\\pmda_fs_index"" ""What new safety changes were issued for this drug?"" --drug-name ""chlorhexidine gluconate"""
2026-03-25T07:49:54,done,e144d2b3b759e09e,non_ollama,92,181,none,True,"Are there safety warnings about fulminant hepatitis, severe skin reactions, or interstitial pneumonia?",chlorhexidine gluconate,,chlorhexidine gluconate,,warning,6,47.6929,0.0001,47.6934,4459,1250,5362,1340,4788,1197,"python fs_rag_chatbot.py ""E:\\PharmAppDev\\database\\PMDA\\pmda_fs_index"" ""Are there safety warnings about fulminant hepatitis, severe skin reactions, or interstitial pneumonia?"" --drug-name ""chlorhexidine gluconate"""
2026-03-25T07:50:36,done,ca7e93d3bf674640,non_ollama,93,182,none,True,Are there severe skin reaction warnings in recent safety notices?,chlorhexidine gluconate,,chlorhexidine gluconate,safety_notice,warning,1,41.7651,0.0001,41.7656,827,228,1238,310,1039,260,"python fs_rag_chatbot.py ""E:\\PharmAppDev\\database\\PMDA\\pmda_fs_index"" ""Are there severe skin reaction warnings in recent safety notices?"" --drug-name ""chlorhexidine gluconate"""
2026-03-25T07:51:17,done,0bc8bc1eb040b655,non_ollama,94,183,none,True,Which safety notices mention liver dysfunction or hepatitis?,chlorhexidine gluconate,,chlorhexidine gluconate,safety_notice,,1,40.9978,0.0,40.9983,827,228,1233,308,1011,253,"python fs_rag_chatbot.py ""E:\\PharmAppDev\\database\\PMDA\\pmda_fs_index"" ""Which safety notices mention liver dysfunction or hepatitis?"" --drug-name ""chlorhexidine gluconate"""
2026-03-25T07:51:59,done,15f922b22a56c518,non_ollama,95,184,none,True,"Are there warnings related to pregnancy, fetal risk, or oligohydramnios?",chlorhexidine gluconate,,chlorhexidine gluconate,,"warning, pregnancy",6,42.0471,0.0,42.0474,3783,1083,4664,1166,4495,1124,"python fs_rag_chatbot.py ""E:\\PharmAppDev\\database\\PMDA\\pmda_fs_index"" ""Are there warnings related to pregnancy, fetal risk, or oligohydramnios?"" --drug-name ""chlorhexidine gluconate"""
2026-03-25T07:52:50,done,38a6e5c84f486012,non_ollama,96,185,none,True,Are there warnings about HBV reactivation or immunologic risks?,chlorhexidine gluconate,,chlorhexidine gluconate,,warning,6,51.6574,0.0001,51.6578,4860,1350,5720,1430,4941,1235,"python fs_rag_chatbot.py ""E:\\PharmAppDev\\database\\PMDA\\pmda_fs_index"" ""Are there warnings about HBV reactivation or immunologic risks?"" --drug-name ""chlorhexidine gluconate"""
2026-03-25T07:54:00,done,2d86887a67cab81d,non_ollama,97,186,none,True,Are there metabolism-related warnings such as CYP2D6 ultrarapid metabolizer risk?,chlorhexidine gluconate,,chlorhexidine gluconate,,warning,6,69.5413,0.0,69.5419,4459,1250,5341,1335,4767,1192,"python fs_rag_chatbot.py ""E:\\PharmAppDev\\database\\PMDA\\pmda_fs_index"" ""Are there metabolism-related warnings such as CYP2D6 ultrarapid metabolizer risk?"" --drug-name ""chlorhexidine gluconate"""
2026-03-25T07:55:14,done,23b86b2804b75e5d,non_ollama,98,200,none,True,Are there warnings about thyroid dysfunction or systemic iodine absorption?,chlorhexidine gluconate,,chlorhexidine gluconate,,warning,6,73.9182,0.0,73.9187,4860,1350,5732,1433,4953,1238,"python fs_rag_chatbot.py ""E:\\PharmAppDev\\database\\PMDA\\pmda_fs_index"" ""Are there warnings about thyroid dysfunction or systemic iodine absorption?"" --drug-name ""chlorhexidine gluconate"""
2026-03-25T07:56:50,done,2a1c070717c7f660,non_ollama,99,225,none,True,Are there formulation-related precautions for pregnancy or breastfeeding?,chlorhexidine gluconate,,chlorhexidine gluconate,,"warning, pregnancy",6,95.9168,0.0001,95.9174,3981,1133,4863,1216,4495,1124,"python fs_rag_chatbot.py ""E:\\PharmAppDev\\database\\PMDA\\pmda_fs_index"" ""Are there formulation-related precautions for pregnancy or breastfeeding?"" --drug-name ""chlorhexidine gluconate"""
2026-03-25T07:58:42,done,fe7f3429a0d7df05,non_ollama,100,226,none,True,Are there warnings related to thyroid disorders or systemic absorption?,chlorhexidine gluconate,,chlorhexidine gluconate,,warning,6,112.309,0.0,112.3096,4459,1250,5331,1333,4757,1189,"python fs_rag_chatbot.py ""E:\\PharmAppDev\\database\\PMDA\\pmda_fs_index"" ""Are there warnings related to thyroid disorders or systemic absorption?"" --drug-name ""chlorhexidine gluconate"""
2026-03-25T08:00:27,done,806dd478ce66e0e2,non_ollama,101,251,none,True,Show evidence from the contraindications section.,chlorhexidine gluconate,,chlorhexidine gluconate,,contraindication,6,104.7501,0.0004,104.7512,3950,1136,4850,1212,4543,1136,"python fs_rag_chatbot.py ""E:\\PharmAppDev\\database\\PMDA\\pmda_fs_index"" ""Show evidence from the contraindications section."" --drug-name ""chlorhexidine gluconate"" --json"
2026-03-25T08:02:02,done,232d26f48366980b,non_ollama,102,252,none,True,Show evidence from the warnings section.,chlorhexidine gluconate,,chlorhexidine gluconate,,warning,6,94.9028,0.0001,94.9037,4860,1350,5698,1424,4920,1230,"python fs_rag_chatbot.py ""E:\\PharmAppDev\\database\\PMDA\\pmda_fs_index"" ""Show evidence from the warnings section."" --drug-name ""chlorhexidine gluconate"" --json"
2026-03-25T08:03:29,done,e08d6f2d359406ed,non_ollama,103,254,none,True,Give the answer with citations and show the exact page references.,chlorhexidine gluconate,,chlorhexidine gluconate,,,6,87.0089,0.0,87.0095,5399,1483,6258,1564,5183,1296,"python fs_rag_chatbot.py ""E:\\PharmAppDev\\database\\PMDA\\pmda_fs_index"" ""Give the answer with citations and show the exact page references."" --drug-name ""chlorhexidine gluconate"" --json"
2026-03-25T08:04:57,done,6a29b4904ba46420,non_ollama,104,255,none,True,Show the supporting evidence and source page files for the PK answer.,chlorhexidine gluconate,,chlorhexidine gluconate,interview_form,pk,6,88.4583,0.0001,88.4589,5164,1419,6005,1501,5185,1296,"python fs_rag_chatbot.py ""E:\\PharmAppDev\\database\\PMDA\\pmda_fs_index"" ""Show the supporting evidence and source page files for the PK answer."" --drug-name ""chlorhexidine gluconate"" --json"
2026-03-25T08:06:41,done,e4066ff823164d81,non_ollama,105,256,none,True,Which pages were used to answer the question on stability?,chlorhexidine gluconate,,chlorhexidine gluconate,interview_form,stability,6,104.2349,0.0001,104.2357,5017,1392,5885,1471,5127,1282,"python fs_rag_chatbot.py ""E:\\PharmAppDev\\database\\PMDA\\pmda_fs_index"" ""Which pages were used to answer the question on stability?"" --drug-name ""chlorhexidine gluconate"" --json"
2026-03-25T08:08:29,done,70108c2251aee79f,non_ollama,106,267,none,True,What are the key warnings and contraindications for chlorhexidine gluconate?,chlorhexidine gluconate,,chlorhexidine gluconate,,"contraindication, warning",6,107.734,0.0001,107.7345,4168,1185,5075,1269,4848,1212,"python fs_rag_chatbot.py ""E:\\PharmAppDev\\database\\PMDA\\pmda_fs_index"" ""What are the key warnings and contraindications for chlorhexidine gluconate?"" --drug-name ""chlorhexidine gluconate"""
2026-03-25T08:10:13,done,eb25ef97d1821ec7,non_ollama,107,269,none,True,"Please summarize the detailed pharmacokinetic profile including absorption, metabolism, and elimination.",chlorhexidine gluconate,,chlorhexidine gluconate,interview_form,pk,6,104.1156,0.0001,104.1167,5164,1420,6041,1510,5222,1306,"python fs_rag_chatbot.py ""E:\\PharmAppDev\\database\\PMDA\\pmda_fs_index"" ""Please summarize the detailed pharmacokinetic profile including absorption, metabolism, and elimination."" --drug-name ""chlorhexidine gluconate"""
2026-03-25T08:11:14,done,d0c18d13f76844f9,non_ollama,108,275,none,True,What are the active ingredient and excipients?,chlorhexidine gluconate,,chlorhexidine gluconate,,,3,60.9013,0.0,60.902,1912,545,2485,621,2062,516,"python fs_rag_chatbot.py ""E:\\PharmAppDev\\database\\PMDA\\pmda_fs_index"" ""What are the active ingredient and excipients?"" --drug-name ""chlorhexidine gluconate"" --top-k 3"
2026-03-25T08:12:17,done,eae751154700da5d,non_ollama,109,276,none,True,What are the active ingredient and excipients?,chlorhexidine gluconate,,chlorhexidine gluconate,,,8,62.8515,0.0,62.8521,5805,1632,6831,1708,4177,1044,"python fs_rag_chatbot.py ""E:\\PharmAppDev\\database\\PMDA\\pmda_fs_index"" ""What are the active ingredient and excipients?"" --drug-name ""chlorhexidine gluconate"" --top-k 8"
2026-03-25T08:13:16,done,d8519b2b1d879eb5,non_ollama,110,284,none,True,Summarize all major risks.,chlorhexidine gluconate,,chlorhexidine gluconate,,,6,59.2289,0.0,59.2292,2817,840,3647,912,3375,844,"python fs_rag_chatbot.py ""E:\\PharmAppDev\\database\\PMDA\\pmda_fs_index"" ""Summarize all major risks."" --drug-name ""chlorhexidine gluconate"""
2026-03-25T08:14:10,done,69658bec05d725f2,non_ollama,111,285,none,True,Compare the warnings for alprazolam and abaloparatide.,chlorhexidine gluconate,,chlorhexidine gluconate,,warning,6,53.8518,0.0,53.8522,4860,1350,5711,1428,4932,1233,"python fs_rag_chatbot.py ""E:\\PharmAppDev\\database\\PMDA\\pmda_fs_index"" ""Compare the warnings for alprazolam and abaloparatide."" --drug-name ""chlorhexidine gluconate"""
2026-03-25T08:14:12,queued,5d4ca2ad9e5db26e,ollama,112,278,ollama,,"Summarize composition, excipients, stability, and formulation-related safety risks.",chlorhexidine gluconate,,,,,,,,,,,,,,,"python fs_rag_chatbot.py ""E:\\PharmAppDev\\database\\PMDA\\pmda_fs_index"" ""Summarize composition, excipients, stability, and formulation-related safety risks."" --drug-name ""chlorhexidine gluconate"" --top-k 3 --generator ollama --model ""llama3.2:3b"" --ollama-timeout 600 --context-chars-per-hit 500"
2026-03-25T08:17:19,done,5d4ca2ad9e5db26e,ollama,112,278,ollama,True,"Summarize composition, excipients, stability, and formulation-related safety risks.",chlorhexidine gluconate,,chlorhexidine gluconate,interview_form,stability,3,59.3541,127.2377,186.5923,1500,444,2117,529,1223,306,"python fs_rag_chatbot.py ""E:\\PharmAppDev\\database\\PMDA\\pmda_fs_index"" ""Summarize composition, excipients, stability, and formulation-related safety risks."" --drug-name ""chlorhexidine gluconate"" --top-k 3 --generator ollama --model ""llama3.2:3b"" --ollama-timeout 600 --context-chars-per-hit 500"
2026-03-25T08:17:21,queued,77ecec85e7d9bc8b,ollama,113,296,ollama,,Summarize the pharmacokinetics of this drug.,chlorhexidine gluconate,,,,,,,,,,,,,,,"python fs_rag_chatbot.py ""E:\\PharmAppDev\\database\\PMDA\\pmda_fs_index"" ""Summarize the pharmacokinetics of this drug."" --drug-name ""chlorhexidine gluconate"" --top-k 3 --generator ollama --model ""llama3.2:3b"" --ollama-timeout 600 --context-chars-per-hit 500"
2026-03-25T08:20:13,done,77ecec85e7d9bc8b,ollama,113,296,ollama,True,Summarize the pharmacokinetics of this drug.,chlorhexidine gluconate,,chlorhexidine gluconate,interview_form,pk,3,75.2722,96.3425,171.6152,1499,439,2058,514,1023,256,"python fs_rag_chatbot.py ""E:\\PharmAppDev\\database\\PMDA\\pmda_fs_index"" ""Summarize the pharmacokinetics of this drug."" --drug-name ""chlorhexidine gluconate"" --top-k 3 --generator ollama --model ""llama3.2:3b"" --ollama-timeout 600 --context-chars-per-hit 500"
2026-03-25T08:20:15,queued,be25c8abcc28c029,ollama,114,298,ollama,,"Summarize the full RMP including risks, monitoring, and risk minimization actions.",chlorhexidine gluconate,,,,,,,,,,,,,,,"python fs_rag_chatbot.py ""E:\\PharmAppDev\\database\\PMDA\\pmda_fs_index"" ""Summarize the full RMP including risks, monitoring, and risk minimization actions."" --drug-name ""chlorhexidine gluconate"" --top-k 3 --generator ollama --model ""llama3.2:3b"" --ollama-timeout 600 --context-chars-per-hit 500"
2026-03-25T08:22:35,done,be25c8abcc28c029,ollama,114,298,ollama,True,"Summarize the full RMP including risks, monitoring, and risk minimization actions.",chlorhexidine gluconate,,chlorhexidine gluconate,interview_form,rmp,3,62.5396,77.629,140.169,1031,322,1628,407,1006,252,"python fs_rag_chatbot.py ""E:\\PharmAppDev\\database\\PMDA\\pmda_fs_index"" ""Summarize the full RMP including risks, monitoring, and risk minimization actions."" --drug-name ""chlorhexidine gluconate"" --top-k 3 --generator ollama --model ""llama3.2:3b"" --ollama-timeout 600 --context-chars-per-hit 500"
